ORDEN, LLAVEHOG, ESTADOCIVIL
3,60000001,4
1,60000021,4
3,60000051,4
2,60000131,5
5,60000191,4
5,60000301,4
3,60000311,5
1,60000341,4
1,60000361,4
5,60000361,4
2,60000521,5
1,60000531,5
1,60000561,5
3,60000561,5
1,60000711,4
3,60000711,4
1,60000741,5
1,60000881,3
1,60000901,4
2,60000901,4
2,60000911,4
5,60000991,4
6,60001061,4
1,60001101,4
2,60001121,4
1,60001181,4
1,60001281,4
1,60001291,5
1,60001301,4
3,60001301,4
1,60001321,4
3,60001321,4
3,60001341,5
1,60001381,5
5,60001411,5
1,60001531,4
1,60001541,4
1,60001591,4
2,60001791,4
1,60001851,5
1,60001871,4
4,60001871,5
2,60001911,4
1,60001921,5
1,60001971,5
1,60002041,4
1,60002081,4
4,60002131,4
2,60002161,4
7,60002201,4
3,60002451,5
1,60002461,5
4,60002631,4
1,60002721,3
2,60002741,4
2,60002771,4
4,60002801,5
4,60002831,4
1,60002911,4
1,60002931,4
1,60003041,4
1,60003091,4
1,60003112,4
1,60003131,5
2,60003151,5
1,60003201,5
1,60003301,4
1,60003321,4
5,60003431,4
4,60003471,4
1,60003511,4
2,60003511,5
1,60003551,4
3,60003551,5
1,60003611,3
1,60003681,5
4,60003691,5
1,60003741,4
3,60003871,4
1,60003961,3
1,60004012,4
1,60004111,4
1,60004121,5
1,60004163,4
2,60004163,4
1,60004241,5
1,60004331,3
4,60004331,5
1,60004551,4
1,60004601,5
1,60004611,4
1,60004631,5
5,60004641,5
1,60004721,4
1,60004731,4
3,60004771,5
3,60004841,5
1,60004861,4
3,60004881,5
4,60004981,5
1,60005031,5
2,60005071,4
1,60005132,4
1,60005181,4
1,60005251,4
3,60005251,5
3,60005261,5
2,60005291,4
1,60005341,4
1,60005521,4
1,60005581,4
1,60005691,3
1,60005711,5
1,60005721,4
1,60005851,4
1,60006031,4
2,60006061,5
1,60006091,4
3,60006131,4
1,60006151,4
1,60006201,4
1,60006321,4
1,60006401,5
2,60006611,3
5,60006621,5
5,60006661,4
7,60006661,5
1,60006731,4
2,60006841,5
1,60006921,5
1,60006961,5
1,60007051,5
1,60007171,3
1,60007201,5
1,60007281,5
4,60007301,4
1,60007311,4
3,60007351,5
1,60007431,4
1,60007481,3
4,60007481,4
1,60007571,4
1,60007581,4
7,60007631,4
3,60007701,4
2,60007751,4
1,60007841,4
4,60007841,5
1,60007921,4
4,60007941,4
4,60008231,4
5,60008231,5
1,60008232,4
1,60008233,4
1,60008241,4
2,60008251,5
2,60008291,4
3,60008301,5
10,60008311,4
13,60008311,4
1,60008391,4
4,60008391,4
8,60008391,4
1,60008421,4
3,60008421,4
7,60008431,4
3,60008451,4
7,60008451,4
1,60008491,4
4,60008521,4
2,60008641,5
1,60008711,4
1,60008731,4
1,60008851,4
1,60009021,4
2,60009061,4
1,60009071,4
1,60009111,4
4,60009111,4
6,60009121,5
1,60009141,3
3,60009231,5
6,60009231,4
1,60009241,5
1,60009281,4
4,60009341,5
1,60009531,4
3,60009551,4
1,60009591,4
3,60009591,4
1,60009641,3
4,60009731,4
1,60009781,4
1,60009791,4
1,60009861,4
1,60010061,3
1,60010131,4
1,60010151,4
1,60010341,4
1,60010351,3
1,60010461,5
1,60010501,5
1,60010561,4
1,60010671,4
1,60010701,4
1,60010761,5
1,60010871,5
1,60010881,5
1,60010891,5
3,60010891,4
2,60010931,4
1,60010941,4
1,60010981,4
1,60011001,3
1,60011021,5
1,60011031,3
1,60011091,5
1,60011231,4
2,60011261,5
1,60011321,4
1,60011541,3
3,60011541,5
1,60011671,5
2,60011701,4
1,60011711,4
4,60011711,5
1,60011731,3
1,60011771,5
1,60011801,4
1,60011891,5
1,60012221,4
1,60012351,4
3,60012361,5
1,60012411,4
5,60012411,4
6,60012421,5
1,60012451,3
1,60012501,3
1,60012521,4
1,60012551,4
1,60012561,4
1,60012571,5
1,60013281,4
1,60013301,5
5,60013321,4
3,60013461,5
3,60013471,5
1,60013491,5
1,60013571,5
1,60013611,4
1,60013701,5
4,60013701,5
6,60013771,5
1,60013831,4
1,60013841,5
1,60014011,5
1,60014071,4
1,60014111,4
1,60014151,4
3,60014151,4
1,60014261,4
1,60014411,3
3,60014411,4
3,60014491,4
1,60014641,4
1,60014681,5
1,60014691,4
2,60014721,3
3,60014741,4
1,60014771,4
1,60014801,5
1,60015051,4
3,60015101,4
1,60015131,4
1,60015151,4
1,60015201,4
3,60015271,5
3,60015291,4
1,60015331,4
2,60015451,4
3,60015511,4
2,60015781,4
3,60015831,3
1,60015901,4
4,60015901,5
2,60015951,4
3,60016011,4
5,60016051,4
1,60016071,4
2,60016091,4
3,60016101,5
1,60016411,4
3,60016561,3
6,60016571,4
1,60016701,4
2,60016751,4
1,60016851,4
1,60016881,3
2,60016881,4
2,60016921,5
1,60016931,4
2,60016931,4
4,60016941,4
1,60016991,4
1,60017011,4
1,60017071,4
2,60017091,4
1,60017201,4
5,60017241,4
2,60017281,4
1,60017311,4
1,60017391,4
1,60017471,4
1,60017491,4
3,60017501,4
1,60017681,4
1,60017691,4
1,60017811,4
1,60017851,4
1,60017871,4
1,60017921,4
1,60017991,5
1,60018201,3
1,60018301,5
1,60018421,5
1,60018471,4
1,60018511,3
1,60018591,5
2,60018631,5
1,60018641,5
1,60018661,4
1,60018731,5
4,60018881,5
1,60018921,4
4,60019051,4
1,60019131,3
1,60019291,5
4,60019471,4
1,60019511,4
1,60019561,4
1,60019721,4
1,60019821,4
1,60019861,4
4,60019861,4
1,60019981,4
2,60020091,4
1,60020181,4
1,60020191,4
1,60020211,5
1,60020221,5
3,60020271,5
1,60020341,5
1,60020391,4
1,60020511,4
1,60020561,4
1,60020791,4
1,60020811,4
1,60020861,5
2,60020861,5
4,60020861,5
4,60020871,5
4,60020881,5
4,60020891,5
1,60020911,4
4,60020921,5
1,60021071,4
1,60021101,4
1,60021111,4
1,60021121,4
1,60021151,4
1,60021181,3
1,60021211,4
1,60021221,4
1,60021231,4
1,60021281,4
1,60021291,4
1,60021301,3
1,60021511,4
1,60021541,4
1,60021571,3
1,60021581,3
1,60021601,5
1,60021641,5
1,60021681,4
1,60021711,3
3,60021711,4
1,60021721,5
3,60021851,5
1,60022031,5
4,60022141,4
1,60022191,4
2,60022201,4
1,60022341,4
1,60022381,3
1,60022431,4
1,60022451,4
1,60022461,3
1,60022511,4
1,60022561,4
2,60022571,5
4,60022621,4
2,60022661,3
4,60022691,3
1,60022761,5
1,60022781,5
2,60022911,5
1,60022931,4
2,60022951,4
1,60022961,4
1,60022981,4
1,60023051,4
1,60023111,4
1,60023171,4
2,60023181,5
4,60023181,3
1,60023281,5
2,60023321,4
5,60023321,5
2,60023401,3
1,60023421,4
6,60023421,5
3,60023551,5
1,60023571,4
2,60023691,4
2,60023711,4
1,60023731,4
1,60023781,4
5,60023841,5
1,60023871,4
3,60023871,4
1,60023881,4
1,60023921,4
2,60023941,4
4,60023941,4
4,60024071,5
2,60024081,4
1,60024121,4
1,60024131,4
1,60024531,4
3,60024581,4
2,60024601,4
9,60024611,5
4,60024671,4
1,60024701,4
1,60024711,4
1,60024732,4
1,60024733,4
1,60024801,4
2,60024841,3
1,60024881,4
1,60024941,4
4,60025031,4
1,60025041,3
1,60025061,4
1,60025191,5
1,60025231,4
5,60025241,4
4,60025261,5
1,60025271,3
1,60025321,4
4,60025321,5
2,60025351,4
1,60025361,4
1,60025371,4
2,60025371,5
1,60025391,4
4,60025391,5
4,60025411,5
6,60025411,5
3,60025481,4
1,60025521,5
1,60025541,3
1,60025551,4
1,60025571,5
1,60025572,5
1,60025581,5
1,60025591,4
2,60025621,5
1,60025631,4
1,60025661,4
5,60025741,4
1,60025771,3
1,60025931,5
1,60026061,5
1,60026191,3
1,60026211,4
1,60026311,5
1,60026351,5
3,60026351,5
1,60026371,4
1,60026391,5
1,60026411,5
1,60026481,5
1,60026571,4
2,60026601,5
3,60026601,5
1,60026621,4
2,60026691,5
1,60026821,4
2,60026921,5
1,60026931,5
1,60026951,4
2,60026961,4
1,60026991,4
3,60027001,5
1,60027121,4
1,60027141,5
1,60027161,4
2,60027261,5
5,60027281,5
1,60027321,4
4,60027441,5
1,60027691,3
3,60027711,4
1,60027781,3
1,60027831,5
2,60027851,5
2,60027871,4
3,60027961,5
1,60028051,3
3,60028061,4
1,60028221,3
6,60028321,5
1,60028521,4
2,60028601,5
4,60028801,4
1,60028841,4
1,60028931,3
1,60029091,4
2,60029231,3
2,60029281,5
1,60029411,4
5,60029411,4
1,60029421,4
1,60029431,5
1,60029471,4
2,60029481,5
1,60029621,4
3,60029621,4
1,60029631,4
3,60029631,4
1,60029641,4
3,60029721,5
1,60029751,4
3,60029811,5
1,60029881,5
1,60029941,4
1,60029971,4
1,60030061,4
1,60030081,4
4,60030091,5
5,60030091,4
1,60030121,5
1,60030181,4
1,60030321,4
2,60030321,5
1,60030381,4
2,60030391,3
1,60030411,4
1,60030461,4
3,60030461,5
1,60030471,4
5,60030481,5
1,60030521,4
1,60030671,4
2,60030671,4
6,60030671,4
1,60030751,4
2,60030771,4
2,60030951,4
1,60031011,4
1,60031031,4
1,60031071,4
1,60031101,4
4,60031101,4
2,60031331,4
1,60031411,5
1,60031621,4
1,60031641,4
2,60031711,4
1,60031731,4
1,60031791,4
1,60031861,4
1,60032001,4
1,60032113,5
3,60032131,4
1,60032161,4
2,60032161,5
5,60032231,4
1,60032271,4
1,60032301,4
3,60032301,4
4,60032331,5
3,60032341,4
2,60032491,5
4,60032491,5
1,60032611,4
1,60032731,4
1,60032781,4
1,60032821,4
3,60032831,5
4,60032911,4
2,60033211,4
1,60033221,5
3,60033221,5
1,60033351,4
1,60033461,4
1,60033471,4
1,60033551,3
5,60033561,4
1,60033611,4
5,60033631,4
1,60033651,4
1,60033671,4
2,60033731,5
1,60033741,3
1,60033781,4
8,60033821,4
1,60033921,3
2,60033951,4
1,60033971,4
3,60034001,4
1,60034011,4
1,60034021,4
1,60034171,4
3,60034401,5
3,60034461,4
1,60034521,4
3,60034541,4
4,60034551,5
4,60034611,4
1,60034691,4
1,60034751,5
1,60034791,4
1,60034801,4
1,60034891,4
1,60035001,4
1,60035141,5
4,60035191,4
1,60035261,4
2,60035271,4
1,60035361,4
3,60035361,5
4,60035451,5
1,60035481,4
13,60035721,5
2,60035821,5
1,60035991,5
6,60036171,4
9,60036171,4
4,60036261,4
1,60036501,5
1,60036631,4
1,60036711,4
2,60036711,4
1,60036771,4
1,60036851,5
1,60036961,4
5,60037031,4
4,60037061,4
1,60037121,5
2,60037181,4
2,60037311,4
4,60037321,4
8,60037321,4
1,60037471,4
1,60037491,4
2,60037491,4
9,60037571,4
3,60037651,3
5,60037651,4
1,60037662,4
6,60037801,4
9,60037801,4
1,60037951,4
1,60038001,4
7,60038141,4
1,60038321,4
1,60038331,4
1,60038411,4
3,60038571,4
4,60038601,4
1,60038711,4
1,60038771,3
5,60038811,4
6,60038901,4
1,60038991,3
3,60038991,4
9,60038991,4
2,60039051,4
1,60039071,4
2,60039091,4
1,60039101,4
1,60039111,4
4,60039161,3
1,60039301,4
1,60039351,4
8,60039391,5
1,60039401,4
1,60039631,4
1,60039651,4
1,60039671,4
1,60039751,4
1,60039811,3
3,60039941,5
1,60040111,5
1,60040151,3
1,60040191,4
1,60040201,4
1,60040281,5
3,60040291,5
1,60040381,4
1,60040721,5
2,60040991,5
2,60041191,4
1,60041261,5
1,60041331,4
1,60041511,3
1,60041571,3
3,60041571,4
1,60041651,4
1,60041663,4
1,60041671,5
2,60041711,4
1,60041751,3
2,60041781,3
1,60041811,4
1,60041891,4
4,60041931,5
3,60042051,5
1,60042061,5
1,60042141,3
1,60042221,5
1,60042441,5
3,60042501,5
3,60042691,5
1,60042741,4
1,60042771,5
1,60042781,4
1,60042841,3
1,60042951,3
3,60042951,5
1,60042971,4
1,60043111,3
1,60043141,4
1,60043181,3
3,60043181,4
1,60043271,4
1,60043291,3
3,60043301,4
1,60043331,4
1,60043431,4
1,60043541,4
1,60043561,4
2,60043651,4
1,60043681,4
1,60043691,3
1,60043781,4
1,60043881,4
3,60043881,4
1,60043941,4
2,60043991,4
1,60044001,4
2,60044001,5
1,60044021,4
1,60044031,5
2,60044071,4
1,60044091,4
2,60044151,4
1,60044161,4
4,60044241,5
1,60044391,4
1,60044411,5
1,60044561,4
1,60044651,3
1,60044861,4
1,60044941,3
1,60044991,4
1,60045011,5
1,60045091,5
1,60045111,3
1,60045131,4
5,60045231,4
1,60045241,5
1,60045251,4
1,60045252,4
1,60045281,3
1,60045291,4
1,60045361,4
5,60045371,4
1,60045431,4
1,60045451,4
1,60045461,4
1,60045561,5
2,60045561,5
1,60045701,4
5,60045791,3
1,60045821,4
3,60045841,4
2,60045881,4
1,60045911,4
1,60045921,4
2,60045921,5
2,60045941,4
4,60045951,4
1,60046121,4
1,60046411,4
2,60046431,4
4,60046431,4
1,60046441,4
1,60046481,4
2,60046611,4
1,60046681,5
2,60046701,5
2,60046741,4
1,60046751,4
1,60046761,4
1,60046791,5
2,60046861,4
1,60046901,5
1,60046941,4
1,60046961,4
3,60046991,5
1,60047031,3
2,60047031,5
4,60047041,4
1,60047091,4
2,60047131,5
1,60047141,4
1,60047181,4
1,60047191,3
1,60047221,4
2,60047221,5
2,60047301,5
2,60047311,4
1,60047361,4
1,60047401,4
2,60047411,4
1,60047441,3
1,60047521,4
1,60047571,4
3,60047571,4
1,60047661,4
1,60047681,4
1,60047781,4
1,60047841,4
1,60047891,5
1,60048011,4
4,60048031,4
3,60048101,4
1,60048161,4
3,60048221,5
1,60048291,4
3,60048301,4
1,60048331,4
4,60048351,5
1,60048371,4
3,60048371,4
1,60048461,4
2,60048491,4
3,60048531,4
3,60048641,4
3,60048691,4
5,60048691,4
1,60048911,4
5,60048931,4
1,60048951,4
1,60049081,4
1,60049101,4
1,60049131,3
2,60049161,4
1,60049211,4
2,60049291,4
1,60049461,4
5,60049461,5
1,60049541,4
7,60049541,5
6,60049561,5
1,60049581,4
1,60049781,5
1,60049861,4
1,60049951,4
3,60050001,4
1,60050021,5
1,60050051,3
1,60050081,5
3,60050081,4
4,60050081,4
3,60050201,4
1,60050211,5
4,60050211,5
1,60050261,3
2,60050341,5
3,60050381,5
3,60050481,5
3,60050501,5
3,60050531,5
1,60050611,4
3,60050721,4
1,60050921,5
1,60050931,4
3,60050931,4
1,60050951,4
1,60051021,5
1,60051071,5
1,60051111,5
1,60051371,5
4,60051391,5
1,60051401,4
4,60051441,5
1,60051451,3
1,60051501,4
1,60051581,4
5,60051581,5
2,60051611,4
1,60051631,5
5,60051631,5
4,60051671,5
2,60051691,4
3,60051711,5
1,60051741,4
1,60051861,4
3,60051911,4
2,60051921,5
4,60051961,5
2,60051971,4
4,60051971,5
1,60052011,4
1,60052031,4
1,60052071,4
1,60052111,4
1,60052121,4
1,60052131,5
1,60052161,5
1,60052251,3
3,60052291,4
1,60052301,4
1,60052381,5
1,60052391,4
1,60052421,4
2,60052491,4
3,60052671,4
1,60052681,4
2,60052681,4
1,60052791,4
1,60052851,4
1,60052941,4
4,60052971,4
1,60053071,4
1,60053091,3
1,60053291,4
1,60053701,4
1,60053871,5
1,60054051,4
3,60054051,5
3,60054061,4
2,60054131,5
1,60054291,4
3,60054401,5
1,60054421,4
1,60054441,4
1,60054461,5
1,60054471,3
2,60054531,5
1,60054621,5
1,60054761,4
1,60054771,5
3,60054771,5
1,60054871,5
1,60054941,4
1,60054951,4
1,60054961,5
1,60055001,4
1,60055011,5
1,60055051,4
1,60055061,5
3,60055121,5
1,60055141,3
1,60055221,4
6,60055221,4
4,60055271,4
1,60055351,4
1,60055372,5
1,60055391,4
3,60055391,4
1,60055451,5
1,60055461,4
1,60055471,4
2,60055481,5
1,60055491,4
2,60055491,4
4,60055491,4
1,60055511,4
3,60055541,3
4,60055571,5
3,60055591,5
1,60055691,5
3,60055691,5
1,60055721,3
1,60055741,3
3,60055811,4
6,60055811,4
1,60055831,5
1,60055981,4
2,60055981,5
1,60056031,5
1,60056221,4
1,60056251,4
1,60056281,4
1,60056301,4
1,60056331,3
1,60056341,3
1,60056431,4
1,60056441,4
1,60056491,4
2,60056491,4
1,60056511,4
1,60056521,4
1,60056771,4
1,60056911,4
5,60056991,4
2,60057061,4
1,60057091,4
4,60057101,5
1,60057181,4
3,60057201,4
1,60057221,4
3,60057371,4
3,60057411,4
1,60057451,4
1,60057511,4
2,60057581,4
1,60057631,4
4,60057691,4
3,60057701,4
3,60057741,4
1,60057831,4
2,60057831,4
1,60057901,4
7,60057901,5
1,60058001,4
2,60058201,4
2,60058221,5
2,60058431,4
4,60058431,5
1,60058631,4
1,60058741,3
1,60058761,4
1,60058861,5
1,60058921,3
3,60059001,4
1,60059031,5
1,60059061,5
5,60059081,5
3,60059211,5
3,60059241,5
2,60059331,5
1,60059441,3
5,60059451,4
1,60059461,4
1,60059471,4
1,60059481,4
1,60059571,3
1,60059591,4
1,60059601,4
1,60059861,4
1,60060041,4
1,60060051,3
1,60060081,5
3,60060081,3
7,60060131,5
3,60060151,5
5,60060241,5
3,60060291,4
3,60060311,4
1,60060391,4
1,60060441,4
1,60060491,4
1,60060551,4
1,60060571,4
1,60060641,4
1,60060701,4
1,60060741,3
1,60060851,3
1,60060871,5
4,60060991,4
1,60061031,4
1,60061041,4
3,60061111,5
1,60061141,5
3,60061251,5
1,60061261,4
1,60061301,4
1,60061341,4
1,60061421,4
2,60061441,5
4,60061461,5
2,60061501,4
1,60061551,4
1,60061601,4
4,60061641,5
1,60061681,4
6,60061851,4
1,60062001,4
1,60062041,4
1,60062431,4
1,60062511,4
1,60062571,4
3,60062571,4
1,60062631,4
1,60063181,4
1,60063201,4
1,60063241,3
1,60063261,4
1,60063331,3
5,60063331,5
1,60063421,5
1,60063491,3
1,60063641,4
4,60063691,4
8,60063691,4
1,60063901,4
1,60063971,4
1,60064001,4
1,60064081,4
1,60064181,4
5,60064321,5
1,60064331,4
1,60064391,5
1,60064551,4
1,60064611,5
3,60064731,5
1,60064771,5
4,60064781,5
1,60064821,4
1,60064861,4
7,60064871,5
1,60064941,4
1,60065041,5
2,60065041,5
3,60065291,5
1,60065321,4
1,60065341,4
1,60065451,4
2,60065591,4
1,60065642,4
1,60065691,4
1,60065711,3
4,60066011,4
3,60066071,5
1,60066081,4
1,60066261,4
3,60066491,4
1,60066521,4
4,60066521,4
1,60066761,4
1,60066781,4
1,60066831,5
2,60066891,4
1,60066911,5
3,60066911,5
1,60066921,3
1,60066961,3
1,60066991,5
2,60067061,4
5,60067061,4
2,60067081,4
1,60067211,4
1,60067401,4
1,60067521,4
4,60067631,5
1,60067681,4
4,60067681,5
1,60067701,4
4,60067941,4
1,60067981,3
1,60068171,5
1,60068261,5
2,60068311,4
2,60068381,3
6,60068391,4
1,60068411,3
2,60068421,4
1,60068671,4
2,60068721,4
1,60068731,4
1,60068741,4
1,60068761,5
3,60068871,4
1,60068891,5
1,60068941,5
4,60068941,5
3,60069031,5
1,60069041,5
4,60069131,4
1,60069221,5
1,60069371,4
1,60069391,5
2,60069472,5
1,60069551,4
1,60069561,4
1,60069781,4
1,60069841,4
4,60069911,4
1,60069991,4
5,60070011,5
7,60070011,5
1,60070031,4
2,60070031,5
1,60070071,4
1,60070101,5
1,60070221,4
1,60070541,4
2,60070601,4
7,60070691,5
1,60070771,4
3,60070861,4
3,60070941,4
1,60071011,4
4,60071091,5
1,60071161,4
1,60071211,3
5,60071491,4
4,60071751,4
3,60071881,4
5,60071921,5
2,60071991,4
8,60072131,4
1,60072181,4
1,60072601,4
1,60072771,4
1,60072841,4
1,60072861,4
1,60072871,4
1,60073001,3
2,60073011,4
1,60073031,4
1,60073211,4
1,60073571,3
5,60073581,5
1,60073591,4
1,60073731,5
1,60073761,4
1,60073781,4
3,60074041,4
1,60074231,4
1,60074351,4
1,60074461,5
1,60074621,5
1,60074651,5
1,60074731,4
3,60074811,4
1,60075001,5
1,60075021,5
1,60075201,4
1,60075291,5
3,60075371,4
3,60075381,5
1,60075411,5
1,60075421,4
1,60075481,5
1,60075491,4
2,60075651,4
1,60075781,4
1,60075901,4
1,60075981,3
1,60076031,5
1,60076071,3
1,60076181,3
1,60076461,4
1,60076561,5
1,60076681,3
5,60076721,3
1,60076941,4
1,60076981,5
2,60077111,5
4,60077111,5
1,60077141,4
1,60077241,4
1,60077441,4
1,60077581,4
1,60078281,4
4,60078721,4
1,60078731,5
1,60078761,4
1,60078801,4
1,60078811,4
1,60078831,3
1,60078841,4
1,60079021,3
1,60079361,4
4,60079641,4
5,60079681,5
4,60079791,5
1,60079931,4
2,60079941,4
2,60079971,4
1,60079981,4
1,60080011,5
2,60080161,5
3,60080181,5
1,60080191,4
1,60080201,4
1,60080221,5
5,60080241,4
3,60080281,5
1,60080301,4
4,60080301,5
1,60080321,4
5,60080321,4
8,60080321,4
2,60080351,4
1,60080411,4
1,60080431,5
3,60080431,4
2,60080441,5
1,60080461,4
1,60080631,5
3,60080831,4
1,60080891,4
1,60081341,4
2,60081371,5
1,60081401,4
1,60081471,4
1,60081521,4
1,60081551,4
1,60081571,4
1,60081701,5
1,60081861,4
1,60081981,4
1,60082001,3
6,60082011,5
2,60082031,5
1,60082041,4
1,60082071,4
1,60082201,4
1,60082311,4
1,60082351,4
2,60082371,4
1,60082411,3
2,60082411,4
1,60082431,3
2,60082611,5
1,60082631,5
1,60082681,5
1,60082711,5
5,60082791,5
1,60082801,4
3,60082911,4
3,60082961,4
1,60082971,4
4,60082981,5
1,60082991,4
1,60083001,5
8,60083011,4
1,60083031,4
3,60083171,5
3,60083181,5
2,60083201,5
4,60083241,5
1,60083271,5
2,60083291,5
1,60083471,4
3,60083511,5
1,60083611,3
1,60083691,5
1,60083741,4
1,60083801,4
2,60083881,5
1,60083941,4
3,60084111,5
1,60084181,3
3,60084191,5
1,60084252,4
3,60084252,5
1,60084271,5
1,60084321,4
4,60084321,3
3,60084341,5
1,60084411,4
1,60084421,5
1,60084441,4
3,60084441,5
5,60084441,4
2,60084471,5
5,60084471,5
1,60084511,4
1,60084541,4
1,60084561,4
1,60084641,5
1,60084661,5
2,60084671,5
1,60084691,5
1,60084711,5
1,60084721,3
1,60084751,3
3,60084791,5
5,60084791,5
7,60084791,5
1,60084822,4
1,60084841,5
2,60084861,5
1,60084901,4
4,60084931,5
4,60085001,5
1,60085081,3
1,60085082,4
1,60085091,5
1,60085181,4
4,60085262,5
1,60085271,4
2,60085331,4
5,60085331,4
1,60085531,4
2,60085591,4
1,60085691,4
2,60085741,4
5,60085901,5
3,60086031,4
2,60086051,5
1,60086111,4
1,60086121,4
1,60086191,4
1,60086251,4
1,60086281,4
1,60086311,3
1,60086351,3
1,60086431,3
2,60086491,4
5,60086601,4
1,60086611,4
6,60086611,5
1,60086711,4
7,60086861,5
4,60087061,5
4,60087071,5
2,60087281,4
1,60087291,4
1,60087341,5
2,60087341,5
1,60087451,4
1,60087521,4
1,60087541,4
1,60087591,4
6,60087611,5
1,60087641,4
1,60087671,4
1,60087681,4
2,60087811,4
2,60087941,5
1,60087951,4
3,60088021,5
1,60088031,5
2,60088051,5
1,60088111,5
3,60088111,4
1,60088131,5
1,60088141,5
1,60088181,5
1,60088241,5
1,60088261,5
2,60088301,4
3,60088381,5
5,60088381,5
1,60088391,5
1,60088521,5
1,60088601,4
4,60088691,4
3,60088701,5
1,60088741,4
1,60088771,5
3,60088771,3
1,60088781,4
1,60088981,4
1,60089011,4
2,60089101,3
1,60089111,4
3,60089221,4
4,60089451,5
1,60089471,3
1,60089481,4
6,60089491,4
5,60089521,4
1,60089531,3
2,60089551,5
1,60089881,4
4,60089881,4
1,60089951,5
3,60089951,5
4,60090031,5
5,60090041,4
1,60090091,4
6,60090121,4
3,60090181,4
1,60090231,4
5,60090451,4
1,60090501,5
1,60090561,5
1,60090651,3
1,60090681,4
3,60090691,4
1,60090701,4
1,60091221,3
6,60091261,5
4,60091281,5
1,60091321,5
1,60091331,5
1,60091381,5
4,60091381,5
1,60091431,4
1,60091681,4
6,60091681,4
4,60091751,5
7,60091851,4
1,60091881,4
1,60091921,4
1,60091951,4
1,60092191,4
1,60092201,4
1,60092231,5
4,60092351,4
1,60092411,4
1,60092491,5
1,60092511,5
1,60092521,3
1,60092571,4
1,60093091,4
4,60093101,5
5,60093141,4
2,60093151,4
3,60093211,4
5,60093221,5
1,60093421,4
1,60093591,4
4,60093631,5
3,60093721,5
1,60093791,4
3,60093791,5
3,60093811,4
1,60093871,4
1,60093931,5
1,60094081,4
3,60094151,5
1,60094171,4
1,60094271,3
3,60094331,5
1,60094391,5
2,60094401,5
2,60094411,5
4,60094451,4
1,60094491,4
1,60094511,4
7,60094921,4
3,60095901,5
1,60095941,5
1,60096041,5
1,60096051,5
1,60096071,5
1,60096091,5
4,60096221,5
4,60096281,5
1,60096401,4
1,60096441,5
4,60096551,3
1,60096681,4
5,60096681,5
7,60096681,5
4,60096721,5
1,60096931,4
2,60096931,4
1,60097101,4
1,60097131,4
1,60097201,4
1,60097221,3
1,60097231,5
1,60097271,4
1,60097581,4
2,60097591,4
1,60097781,4
1,60097961,4
2,60097961,5
1,60098111,5
1,60098121,5
3,60098261,5
5,60098301,5
3,60098381,5
1,60098441,3
2,60098441,5
1,60098451,4
2,60098451,5
1,60098521,5
2,60098521,5
5,60098521,5
1,60098541,4
1,60098621,4
2,60098641,5
3,60098691,5
1,60098801,3
1,60098961,4
1,60099171,4
2,60099191,5
1,60099231,4
1,60099261,4
1,60099421,5
1,60099491,4
1,60099531,5
2,60099551,5
1,60099651,5
1,60099671,5
1,60099761,5
3,60100271,5
4,60100291,5
1,60100391,4
1,60100462,3
3,60100462,4
1,60100601,4
5,60100611,4
3,60100801,5
5,60100841,5
1,60100891,4
4,60100921,5
2,60100931,4
1,60101061,4
5,60101071,5
1,60101161,5
1,60101211,5
2,60101221,3
1,60101261,3
1,60101291,4
2,60101351,4
1,60101451,4
2,60101621,4
3,60101631,4
1,60101791,4
1,60101811,4
1,60101891,5
1,60102021,5
1,60102071,5
1,60102131,4
1,60102181,5
1,60102221,4
1,60102431,5
1,60102451,4
1,60102461,4
2,60102461,5
2,60102491,5
3,60102511,5
1,60102691,4
1,60102791,4
3,60102841,4
5,60102841,4
2,60102971,4
3,60103001,4
5,60103001,4
2,60103031,4
3,60103051,4
1,60103061,4
1,60103211,4
3,60103311,4
1,60103391,4
1,60103421,4
1,60103431,4
1,60103451,5
1,60103481,5
1,60103491,5
1,60103511,5
1,60103561,5
1,60103591,4
3,60103721,4
1,60103791,4
1,60104131,4
1,60104271,3
1,60104281,4
1,60104311,5
2,60104311,5
2,60104341,4
1,60104391,4
1,60104401,4
1,60104431,3
1,60104481,4
1,60104531,4
1,60104541,4
2,60104541,5
2,60104631,4
3,60104651,5
3,60104711,5
1,60104841,5
6,60104891,5
3,60105041,5
1,60105251,5
1,60105331,5
4,60105401,5
4,60105471,5
1,60105541,5
1,60105551,4
3,60105731,4
1,60105871,3
3,60105881,5
1,60106011,5
1,60106031,5
1,60106121,4
2,60106411,3
7,60106421,5
7,60106521,4
1,60106531,3
3,60106581,4
1,60106661,4
3,60106741,4
1,60106811,3
4,60106811,5
1,60107091,4
7,60107401,4
3,60107471,3
1,60107881,4
2,60108071,4
1,60108101,4
1,60108121,4
1,60108161,4
2,60108171,4
7,60108171,4
1,60108251,4
1,60108371,5
3,60108411,5
3,60108451,4
2,60108501,5
1,60108561,5
3,60108611,5
5,60108611,5
1,60108621,4
1,60108631,4
5,60108751,4
4,60108761,5
6,60108761,5
1,60108781,5
3,60108821,5
2,60108831,4
1,60108871,4
1,60108891,4
1,60108901,4
1,60108941,4
5,60109001,5
4,60109011,5
1,60109051,3
2,60109071,4
4,60109261,4
1,60109361,4
3,60109571,4
1,60109621,4
6,60109701,5
4,60109791,4
3,60109851,4
1,60109951,4
1,60110101,4
4,60110141,4
2,60110151,4
1,60110261,4
1,60110291,4
3,60110381,4
3,60110401,4
1,60110511,4
1,60110531,4
1,60110621,4
1,60110641,3
1,60110821,3
1,60110841,4
1,60110941,4
1,60110961,3
1,60111031,4
1,60111071,4
1,60111081,4
1,60111101,4
5,60111101,4
3,60111141,4
5,60111151,4
5,60111271,4
2,60111371,4
3,60111381,4
1,60111391,4
3,60111421,4
5,60111421,4
1,60111691,4
3,60111691,4
1,60111781,4
1,60111811,4
4,60111811,4
6,60111811,4
3,60111841,4
1,60111871,4
1,60111971,5
1,60112121,5
1,60112221,4
1,60112261,4
2,60112311,4
1,60112321,5
1,60112421,4
3,60112471,5
1,60112491,3
1,60112521,4
1,60112551,5
2,60112551,5
3,60112581,5
1,60112591,4
1,60112611,4
2,60112611,5
1,60112781,4
1,60112821,4
1,60112911,4
1,60112961,4
3,60112991,4
1,60113001,3
1,60113041,4
6,60113111,5
1,60113191,4
1,60113561,4
1,60113571,5
1,60113681,5
1,60113691,5
3,60113861,4
1,60114061,4
1,60114101,4
1,60114131,4
1,60114151,5
1,60114171,5
3,60114211,5
4,60114251,4
1,60114321,4
5,60114611,5
3,60114721,4
1,60114771,4
1,60114851,4
3,60114851,4
3,60114871,4
1,60114921,4
7,60114941,5
1,60114961,4
5,60114981,5
3,60115021,5
1,60115041,4
4,60115061,5
3,60115281,5
1,60115303,5
1,60115331,5
2,60115471,5
1,60115591,3
2,60115601,5
3,60115621,5
3,60115671,5
2,60115721,5
1,60115871,4
1,60116031,4
1,60116041,3
1,60116071,5
1,60116341,5
2,60118031,5
1,60118041,4
2,60118091,4
3,60118151,5
3,60118241,5
3,60118401,5
1,60118491,5
1,60118631,5
1,60118661,5
3,60118681,5
1,60118741,4
1,60118801,4
1,60118851,5
1,60118861,5
3,60118951,5
1,60119081,5
1,60119111,4
1,60119201,5
1,60119241,5
1,60119261,4
5,60119261,5
1,60119351,5
1,60119391,5
1,60119411,4
1,60119471,4
1,60119491,4
1,60119641,5
1,60119801,3
1,60119981,4
1,60120051,3
1,60120191,5
2,60120191,5
1,60120241,4
4,60120251,5
1,60120411,5
1,60120421,4
3,60120421,5
1,60120431,4
2,60120451,5
3,60120531,4
1,60120591,4
1,60120791,4
1,60120951,4
1,60121001,5
2,60121171,5
1,60121251,5
1,60121301,3
1,60121541,5
5,60121601,5
1,60121621,4
1,60121781,4
2,60121881,5
3,60122051,5
1,60122091,5
1,60122121,5
2,60122231,3
1,60122301,4
2,60122331,4
2,60122341,4
4,60122431,4
1,60122481,4
3,60122511,5
1,60122531,4
1,60122731,5
1,60122801,4
1,60122951,5
4,60123001,5
1,60123021,4
1,60123151,4
1,60123231,5
1,60123311,5
1,60123321,5
3,60123331,3
5,60123331,4
1,60123361,5
1,60123381,5
1,60123391,5
3,60123521,5
1,60123571,4
3,60123701,5
1,60123831,4
4,60123971,5
1,60124461,3
3,60124461,5
1,60124471,4
1,60124481,5
1,60124561,5
4,60124561,4
1,60124591,4
1,60124601,5
1,60124621,5
1,60124661,5
2,60124711,4
3,60124781,5
1,60124801,5
1,60124831,4
1,60124832,4
4,60124832,5
3,60124871,4
4,60124911,5
1,60124941,4
1,60125021,3
2,60125081,5
1,60125101,4
1,60125121,4
2,60125221,3
2,60125241,4
1,60125331,4
1,60125491,4
1,60125581,4
1,60125611,5
1,60125721,4
5,60125821,4
2,60125971,4
3,60126081,4
1,60126221,4
1,60126251,4
2,60126361,4
1,60126481,4
1,60126711,4
1,60126801,4
1,60126831,4
4,60126831,4
4,60126941,5
1,60126981,5
1,60127001,5
1,60127021,4
2,60127081,4
1,60127181,5
1,60127221,3
1,60127241,4
3,60127491,5
1,60127661,4
1,60127691,5
3,60127731,5
1,60127921,5
1,60127941,4
1,60128021,4
3,60128021,4
2,60128081,3
1,60128151,4
1,60128161,4
4,60128291,4
1,60128331,5
1,60128351,4
1,60128391,4
4,60128391,5
6,60128391,5
1,60128401,4
1,60128451,5
1,60128481,5
1,60128521,4
3,60128611,5
3,60128661,4
5,60128671,4
2,60128751,5
1,60128781,4
1,60128791,4
1,60129051,4
1,60129081,4
1,60129091,5
1,60129111,4
4,60129171,4
1,60129211,4
1,60129231,5
1,60129251,3
1,60129261,4
1,60129321,3
4,60129351,5
6,60129351,5
9,60129351,5
4,60129361,5
1,60129371,3
3,60129411,4
1,60129501,4
2,60129511,5
1,60129541,5
1,60129601,3
1,60129671,4
1,60129701,5
2,60129701,5
1,60129721,4
2,60129741,4
2,60129781,4
1,60129821,5
1,60129891,4
1,60129931,4
1,60129971,5
1,60130121,4
1,60130191,3
1,60130271,5
5,60130291,5
1,60130321,3
1,60130391,4
1,60130421,5
1,60130451,5
1,60130561,5
3,60130561,4
1,60130611,5
3,60130641,3
1,60130661,4
1,60130782,4
1,60130791,4
1,60130801,3
4,60130831,4
4,60130931,5
1,60130991,4
5,60131021,4
1,60131041,4
4,60131041,5
1,60131101,4
1,60131191,4
3,60131311,5
3,60131321,4
1,60131421,4
11,60131621,4
1,60131661,4
1,60131691,4
1,60132161,4
1,60132191,3
3,60132191,4
2,60132301,4
1,60132331,4
1,60132381,4
1,60132421,4
5,60132421,4
2,60132441,3
1,60132471,4
1,60132571,4
1,60132691,4
1,60132692,4
4,60132692,4
4,60132781,4
3,60132791,4
3,60132861,5
1,60132871,4
1,60132911,4
1,60132931,4
1,60132961,4
2,60132961,5
1,60132971,4
2,60133101,5
5,60133151,4
1,60133211,4
1,60133221,3
1,60133231,3
1,60133271,4
1,60133291,3
1,60133351,4
1,60133431,4
1,60133461,3
2,60133461,4
3,60133471,4
4,60133481,4
1,60133531,4
2,60133571,4
1,60133731,4
4,60133781,4
1,60133911,4
1,60133961,4
1,60134041,4
3,60134041,4
6,60134071,5
8,60134071,5
1,60134111,4
2,60134111,5
1,60134181,4
1,60134241,3
2,60134241,5
2,60134301,5
1,60134321,5
1,60134331,4
4,60134361,4
1,60134381,5
1,60134401,3
1,60134451,5
1,60134471,3
1,60134491,4
1,60134511,4
1,60134521,4
3,60134521,4
1,60134531,5
3,60134531,5
1,60134741,4
1,60134841,3
4,60134851,5
1,60134911,4
3,60134941,5
3,60134951,4
1,60134971,3
1,60135001,5
1,60135011,3
2,60135051,3
2,60135111,4
1,60135191,4
1,60135261,3
1,60135371,4
1,60135381,4
1,60135661,4
1,60135751,4
5,60135761,4
1,60135771,4
3,60135781,4
1,60135821,4
1,60135971,4
1,60135991,5
1,60136061,4
3,60136071,5
1,60136131,4
4,60136131,4
6,60136131,4
1,60136151,4
1,60136171,5
1,60136221,4
1,60136261,4
6,60136301,4
1,60136331,4
2,60136331,4
4,60136351,4
6,60136351,4
1,60136451,5
1,60136471,4
1,60136491,4
3,60136511,4
7,60136601,4
3,60136651,5
5,60136651,5
7,60136651,5
3,60136811,5
1,60136821,5
1,60136991,3
3,60137001,4
5,60137171,4
7,60137171,4
1,60137181,4
1,60137471,4
5,60137551,5
4,60137571,5
1,60137661,4
1,60137761,5
1,60137811,4
3,60137911,5
4,60137931,5
1,60138131,3
4,60138491,5
2,60138601,4
2,60138661,4
1,60138671,4
1,60138701,4
1,60138721,4
1,60138731,5
1,60138761,4
7,60138881,5
1,60138891,5
2,60139331,4
1,60139501,5
1,60139521,5
1,60139551,4
6,60139551,5
11,60139601,5
6,60139621,4
1,60139631,4
1,60139701,3
3,60139751,5
1,60139781,5
2,60139831,5
1,60139931,4
1,60139941,4
1,60140011,4
5,60140011,4
1,60140031,5
1,60140041,3
1,60140151,3
5,60140171,3
4,60140231,4
2,60140251,4
3,60140251,5
1,60140281,4
2,60140471,4
4,60140921,5
3,60140951,4
1,60140971,3
1,60141001,4
4,60141211,5
2,60141231,5
1,60141241,4
1,60141401,5
2,60141401,5
1,60141431,3
1,60141441,5
3,60141481,5
1,60141551,3
2,60141651,4
1,60141711,5
3,60141731,5
1,60141791,4
1,60141861,4
1,60141961,4
1,60141971,3
4,60142091,4
4,60142261,5
1,60142291,4
1,60142511,4
1,60142531,4
1,60142551,5
1,60142571,4
1,60142581,4
1,60142671,4
2,60142671,5
1,60142691,4
1,60143011,4
1,60143032,4
1,60143051,3
1,60143211,4
5,60143231,5
1,60143291,5
1,60143391,5
3,60143591,5
1,60143671,5
3,60143911,5
1,60144081,4
3,60144081,5
1,60144091,4
4,60144091,5
1,60144241,5
1,60144261,4
1,60144351,4
3,60144351,3
2,60144581,3
3,60144631,5
1,60144662,4
1,60144663,4
1,60144681,5
1,60144731,4
3,60144731,4
1,60144781,4
1,60144851,4
1,60144881,5
3,60144881,4
3,60144931,4
1,60145181,4
1,60145211,5
3,60145211,5
4,60145221,5
5,60145221,5
7,60145221,5
3,60145231,5
1,60145251,4
2,60145251,5
5,60145251,5
3,60145281,5
1,60145291,4
4,60145301,5
6,60145301,5
2,60145331,5
1,60145431,4
4,60145431,4
1,60145471,4
1,60145521,3
3,60145561,5
1,60145581,4
1,60145591,4
2,60145591,5
1,60145661,4
1,60145691,3
1,60145701,4
1,60145751,3
3,60145751,4
7,60145751,3
1,60145761,4
2,60145821,5
3,60145841,5
2,60145871,5
4,60145871,5
1,60145901,4
1,60145991,5
1,60146001,5
7,60146041,5
1,60146061,3
2,60146061,5
1,60146071,4
1,60146081,4
3,60146151,5
3,60146221,5
1,60146231,3
1,60146251,4
1,60146321,4
2,60146341,5
1,60146431,5
1,60146451,4
2,60146461,5
4,60146481,5
1,60146551,5
3,60146591,5
1,60146631,3
1,60146661,4
1,60146681,4
1,60146721,4
1,60146821,3
1,60146851,3
2,60146851,4
1,60146881,4
1,60146901,4
2,60146901,4
3,60146941,4
1,60146951,4
1,60146991,4
1,60147021,5
1,60147261,4
6,60147261,5
2,60147291,5
6,60147291,4
2,60147301,5
6,60147311,5
1,60147321,4
2,60147391,4
1,60147481,3
1,60147511,3
1,60147561,4
6,60147561,5
1,60147571,4
1,60147611,4
1,60149531,4
5,60149571,4
1,60149581,4
1,60149621,4
1,60149631,4
1,60149681,3
1,60149781,3
3,60149791,5
1,60149891,4
3,60149931,5
1,60149941,5
3,60149961,5
1,60149971,4
4,60149971,4
1,60150011,5
1,60150121,4
1,60150191,5
1,60150271,3
3,60150271,5
1,60151031,4
1,60151081,4
3,60151081,5
3,60151251,5
2,60151261,5
1,60151351,5
1,60151661,3
1,60151711,5
3,60151801,5
1,60151931,4
2,60151981,5
1,60152111,5
3,60152121,5
1,60152131,4
1,60152141,5
1,60152171,4
3,60152171,5
1,60152211,4
1,60152271,5
5,60152411,4
1,60152521,5
1,60152541,4
3,60152591,5
1,60152651,4
2,60152751,5
1,60152761,5
1,60152841,5
1,60152931,4
3,60152951,4
1,60153121,4
1,60153581,4
2,60153581,5
1,60153831,5
1,60153931,5
2,60154021,5
1,60154071,4
2,60154181,5
3,60154211,5
1,60154281,5
3,60154291,4
1,60154351,3
4,60154421,4
6,60154421,4
1,60154441,4
1,60154611,4
3,60154621,5
2,60154731,5
4,60154731,5
1,60154751,4
3,60154791,5
3,60154811,4
1,60154871,4
3,60154951,4
3,60154981,4
1,60155121,3
5,60155161,4
1,60155471,4
3,60155711,4
4,60155751,4
3,60155781,4
4,60155911,4
1,60156001,4
1,60156141,4
1,60156181,4
3,60156311,4
1,60156761,4
1,60156811,4
1,60156841,3
2,60156911,5
1,60156941,3
4,60157061,5
3,60157141,4
5,60157171,4
5,60157221,4
1,60157281,4
1,60157311,4
1,60157351,4
3,60157421,5
1,60157591,3
5,60157591,5
1,60157661,3
1,60157671,4
1,60157741,4
1,60157751,4
3,60157783,4
1,60157821,4
2,60157821,5
3,60157831,5
3,60157861,5
1,60157891,4
1,60157971,5
1,60158021,4
1,60158833,5
2,60158861,5
1,60158991,5
1,60159191,4
6,60159241,5
2,60159291,4
1,60159331,4
1,60159341,4
1,60159491,4
1,60159571,5
1,60159601,4
1,60159611,3
1,60159621,5
4,60159681,4
1,60159801,4
1,60159901,4
