LLAVEHOG,ORDEN,TipoContrato,Estrato,Satisfaccion
60000001,3,0,1,0
60000021,1,2,1,1
60000051,3,0,1,8
60000131,2,2,2,8
60000191,5,0,1,10
60000301,5,0,1,9
60000311,3,2,1,4
60000341,1,0,2,9
60000361,1,0,2,7
60000361,5,0,2,9
60000521,2,0,1,9
60000531,1,0,1,8
60000561,1,0,3,8
60000561,3,0,3,8
60000711,1,0,1,5
60000711,3,0,1,10
60000741,1,0,1,10
60000881,1,0,2,10
60000901,1,0,2,10
60000901,2,0,2,10
60000911,2,0,2,5
60000991,5,0,2,9
60001061,6,0,1,10
60001101,1,0,1,7
60001121,2,0,1,10
60001181,1,0,1,10
60001281,1,2,1,10
60001291,1,2,1,8
60001301,1,0,1,10
60001301,3,0,1,10
60001321,1,0,1,10
60001321,3,0,1,10
60001341,3,0,1,9
60001381,1,0,1,3
60001411,5,0,1,8
60001531,1,2,1,9
60001541,1,0,1,9
60001591,1,0,2,9
60001791,2,0,3,8
60001851,1,0,1,10
60001871,1,0,1,5
60001871,4,0,1,7
60001911,2,0,1,10
60001921,1,0,1,8
60001971,1,0,1,6
60002041,1,0,2,5
60002081,1,0,2,10
60002131,4,0,1,10
60002161,2,1,2,10
60002201,7,0,1,10
60002451,3,0,3,10
60002461,1,0,3,8
60002631,4,0,1,8
60002721,1,1,1,7
60002741,2,2,1,8
60002771,2,0,1,8
60002801,4,0,1,10
60002831,4,0,1,8
60002911,1,0,1,7
60002931,1,0,1,8
60003041,1,0,3,8
60003091,1,2,2,7
60003112,1,2,2,7
60003131,1,2,2,8
60003151,2,0,1,2
60003201,1,0,1,5
60003301,1,2,1,5
60003321,1,0,1,5
60003431,5,0,3,9
60003471,4,0,3,9
60003511,1,0,1,10
60003511,2,0,1,10
60003551,1,2,1,8
60003551,3,2,1,9
60003611,1,0,3,10
60003681,1,0,1,10
60003691,4,1,1,6
60003741,1,0,1,10
60003871,3,0,2,6
60003961,1,0,2,10
60004012,1,0,3,5
60004111,1,2,2,7
60004121,1,0,2,8
60004163,1,0,3,10
60004163,2,0,3,8
60004241,1,0,1,10
60004331,1,0,2,7
60004331,4,0,2,10
60004551,1,0,1,10
60004601,1,2,1,8
60004611,1,2,1,10
60004631,1,0,1,10
60004641,5,2,1,8
60004721,1,0,1,9
60004731,1,0,1,7
60004771,3,0,3,6
60004841,3,2,3,10
60004861,1,2,2,7
60004881,3,1,3,5
60004981,4,0,2,9
60005031,1,0,2,5
60005071,2,0,2,7
60005132,1,0,1,8
60005181,1,0,1,6
60005251,1,2,2,8
60005251,3,2,2,8
60005261,3,2,1,7
60005291,2,0,1,5
60005341,1,0,2,9
60005521,1,0,1,6
60005581,1,0,2,5
60005691,1,0,3,10
60005711,1,0,1,9
60005721,1,0,3,8
60005851,1,0,1,10
60006031,1,0,3,7
60006061,2,0,2,6
60006091,1,2,2,7
60006131,3,2,2,6
60006151,1,0,2,6
60006201,1,0,2,7
60006321,1,2,1,8
60006401,1,0,2,10
60006611,2,0,1,10
60006621,5,0,1,10
60006661,5,0,1,7
60006661,7,0,1,7
60006731,1,0,1,5
60006841,2,0,2,8
60006921,1,2,1,3
60006961,1,0,2,10
60007051,1,0,2,10
60007171,1,0,2,10
60007201,1,0,3,9
60007281,1,0,3,10
60007301,4,0,2,8
60007311,1,0,2,6
60007351,3,0,2,10
60007431,1,0,2,8
60007481,1,0,2,10
60007481,4,0,2,10
60007571,1,2,1,5
60007581,1,0,1,5
60007631,7,0,1,9
60007701,3,0,2,8
60007751,2,0,1,7
60007841,1,0,1,7
60007841,4,0,1,7
60007921,1,0,1,6
60007941,4,2,1,8
60008231,4,0,1,7
60008231,5,0,1,7
60008232,1,0,1,7
60008233,1,0,1,5
60008241,1,0,1,5
60008251,2,0,1,8
60008291,2,0,1,8
60008301,3,0,2,9
60008311,10,0,2,7
60008311,13,0,2,5
60008391,1,0,1,9
60008391,4,0,1,9
60008391,8,0,1,9
60008421,1,0,1,6
60008421,3,0,1,8
60008431,7,2,1,7
60008451,3,0,1,0
60008451,7,0,1,5
60008491,1,2,1,8
60008521,4,0,3,9
60008641,2,0,2,8
60008711,1,2,2,10
60008731,1,0,2,0
60008851,1,2,2,9
60009021,1,2,1,7
60009061,2,2,1,9
60009071,1,1,1,7
60009111,1,0,1,10
60009111,4,0,1,9
60009121,6,0,1,8
60009141,1,0,1,5
60009231,3,0,1,8
60009231,6,0,1,5
60009241,1,0,2,2
60009281,1,0,2,8
60009341,4,0,1,8
60009531,1,0,1,10
60009551,3,2,1,10
60009591,1,0,1,8
60009591,3,0,1,9
60009641,1,2,3,6
60009731,4,2,1,10
60009781,1,2,2,8
60009791,1,0,2,10
60009861,1,0,1,10
60010061,1,0,2,8
60010131,1,0,2,7
60010151,1,1,3,10
60010341,1,2,4,10
60010351,1,0,4,5
60010461,1,2,3,10
60010501,1,0,4,7
60010561,1,0,2,8
60010671,1,2,2,8
60010701,1,2,2,10
60010761,1,2,2,5
60010871,1,2,1,10
60010881,1,0,1,10
60010891,1,0,1,10
60010891,3,2,1,10
60010931,2,2,4,4
60010941,1,0,1,10
60010981,1,2,2,6
60011001,1,0,2,10
60011021,1,0,1,10
60011031,1,2,1,5
60011091,1,0,9,8
60011231,1,0,1,9
60011261,2,1,2,8
60011321,1,0,2,9
60011541,1,0,1,8
60011541,3,1,1,8
60011671,1,2,1,7
60011701,2,0,3,8
60011711,1,2,0,6
60011711,4,0,0,7
60011731,1,2,1,2
60011771,1,0,1,9
60011801,1,0,1,5
60011891,1,0,1,8
60012221,1,1,1,8
60012351,1,2,2,3
60012361,3,0,2,7
60012411,1,0,2,1
60012411,5,0,2,1
60012421,6,0,2,8
60012451,1,0,2,6
60012501,1,0,2,9
60012521,1,0,1,10
60012551,1,2,1,7
60012561,1,0,1,7
60012571,1,0,1,7
60013281,1,0,0,5
60013301,1,2,1,8
60013321,5,0,1,10
60013461,3,0,1,10
60013471,3,2,1,10
60013491,1,0,1,6
60013571,1,2,3,10
60013611,1,0,3,10
60013701,1,0,3,5
60013701,4,0,3,10
60013771,6,0,2,9
60013831,1,0,1,10
60013841,1,0,2,10
60014011,1,0,3,8
60014071,1,0,3,10
60014111,1,2,2,7
60014151,1,0,2,10
60014151,3,0,2,5
60014261,1,0,2,10
60014411,1,0,2,10
60014411,3,0,2,4
60014491,3,0,1,9
60014641,1,0,1,7
60014681,1,0,2,8
60014691,1,0,2,9
60014721,2,0,2,10
60014741,3,0,2,8
60014771,1,0,2,8
60014801,1,0,2,10
60015051,1,2,1,6
60015101,3,2,1,7
60015131,1,0,1,8
60015151,1,0,1,7
60015201,1,1,2,9
60015271,3,0,4,9
60015291,3,0,4,8
60015331,1,0,1,8
60015451,2,2,3,10
60015511,3,1,3,8
60015781,2,2,2,9
60015831,3,1,3,9
60015901,1,2,2,10
60015901,4,0,2,10
60015951,2,2,1,7
60016011,3,0,1,10
60016051,5,0,1,10
60016071,1,2,1,9
60016091,2,2,1,7
60016101,3,2,2,10
60016411,1,2,1,7
60016561,3,0,1,10
60016571,6,0,1,10
60016701,1,0,1,7
60016751,2,2,1,8
60016851,1,0,2,8
60016881,1,2,1,8
60016881,2,0,1,7
60016921,2,0,0,8
60016931,1,0,1,10
60016931,2,2,1,10
60016941,4,0,1,6
60016991,1,0,1,3
60017011,1,0,1,10
60017071,1,0,2,10
60017091,2,2,2,7
60017201,1,0,1,6
60017241,5,0,1,8
60017281,2,0,1,10
60017311,1,0,1,7
60017391,1,2,1,10
60017471,1,2,2,8
60017491,1,2,1,9
60017501,3,0,1,10
60017681,1,0,0,8
60017691,1,0,0,8
60017811,1,0,1,5
60017851,1,2,1,8
60017871,1,0,1,9
60017921,1,0,1,7
60017991,1,0,1,10
60018201,1,0,2,10
60018301,1,0,2,7
60018421,1,2,2,6
60018471,1,0,2,8
60018511,1,0,4,10
60018591,1,2,3,8
60018631,2,0,2,7
60018641,1,2,4,8
60018661,1,0,4,10
60018731,1,0,3,6
60018881,4,0,2,8
60018921,1,0,3,10
60019051,4,0,2,8
60019131,1,0,2,9
60019291,1,0,2,7
60019471,4,2,2,8
60019511,1,0,1,8
60019561,1,0,3,10
60019721,1,2,2,10
60019821,1,2,1,10
60019861,1,0,2,8
60019861,4,0,2,8
60019981,1,0,3,9
60020091,2,0,2,8
60020181,1,2,2,10
60020191,1,2,1,9
60020211,1,2,2,8
60020221,1,0,0,5
60020271,3,0,1,8
60020341,1,2,3,7
60020391,1,2,2,10
60020511,1,0,2,9
60020561,1,2,1,6
60020791,1,0,1,8
60020811,1,2,1,9
60020861,1,0,1,8
60020861,2,0,1,10
60020861,4,2,1,7
60020871,4,0,3,10
60020881,4,0,3,9
60020891,4,0,3,8
60020911,1,2,3,6
60020921,4,0,3,8
60021071,1,0,1,7
60021101,1,0,1,6
60021111,1,0,1,10
60021121,1,0,1,8
60021151,1,2,1,10
60021181,1,0,1,10
60021211,1,2,1,10
60021221,1,0,1,10
60021231,1,0,1,10
60021281,1,2,1,9
60021291,1,0,1,10
60021301,1,0,1,10
60021511,1,0,1,10
60021541,1,2,1,5
60021571,1,0,1,8
60021581,1,0,2,10
60021601,1,0,1,10
60021641,1,0,2,10
60021681,1,2,2,10
60021711,1,0,3,8
60021711,3,0,3,9
60021721,1,0,3,8
60021851,3,2,2,9
60022031,1,0,3,7
60022141,4,0,2,9
60022191,1,0,2,9
60022201,2,0,2,8
60022341,1,0,2,10
60022381,1,0,3,8
60022431,1,0,2,9
60022451,1,0,3,7
60022461,1,0,3,10
60022511,1,2,2,9
60022561,1,0,2,5
60022571,2,2,2,10
60022621,4,0,1,8
60022661,2,2,2,9
60022691,4,0,3,10
60022761,1,2,2,0
60022781,1,0,2,5
60022911,2,0,3,10
60022931,1,0,3,6
60022951,2,2,3,8
60022961,1,2,2,10
60022981,1,0,2,10
60023051,1,0,2,8
60023111,1,2,1,8
60023171,1,0,2,7
60023181,2,2,2,5
60023181,4,0,2,6
60023281,1,0,1,10
60023321,2,0,1,7
60023321,5,0,1,8
60023401,2,2,1,8
60023421,1,0,1,6
60023421,6,0,1,0
60023551,3,2,1,8
60023571,1,2,1,10
60023691,2,2,1,8
60023711,2,0,1,6
60023731,1,2,1,10
60023781,1,2,1,9
60023841,5,0,1,9
60023871,1,0,1,7
60023871,3,2,1,8
60023881,1,2,1,8
60023921,1,0,1,10
60023941,2,0,1,9
60023941,4,2,1,9
60024071,4,0,1,6
60024081,2,2,1,6
60024121,1,2,2,7
60024131,1,0,2,4
60024531,1,2,1,9
60024581,3,0,3,8
60024601,2,0,2,8
60024611,9,0,2,9
60024671,4,0,2,10
60024701,1,2,2,10
60024711,1,0,2,8
60024732,1,0,2,8
60024733,1,0,2,8
60024801,1,2,2,10
60024841,2,0,3,9
60024881,1,2,2,10
60024941,1,0,2,10
60025031,4,0,3,8
60025041,1,0,3,8
60025061,1,2,3,10
60025191,1,0,0,7
60025231,1,0,2,7
60025241,5,0,2,10
60025261,4,0,2,9
60025271,1,2,2,5
60025321,1,0,2,9
60025321,4,0,2,9
60025351,2,0,1,9
60025361,1,0,2,7
60025371,1,0,2,10
60025371,2,0,2,9
60025391,1,0,1,9
60025391,4,0,1,9
60025411,4,0,1,9
60025411,6,0,1,9
60025481,3,0,1,9
60025521,1,0,1,9
60025541,1,0,1,5
60025551,1,2,1,5
60025571,1,0,1,10
60025572,1,2,1,7
60025581,1,2,1,6
60025591,1,2,2,8
60025621,2,1,1,10
60025631,1,0,1,7
60025661,1,1,1,10
60025741,5,0,1,10
60025771,1,2,1,10
60025931,1,2,1,9
60026061,1,0,2,6
60026191,1,2,1,10
60026211,1,1,1,7
60026311,1,2,1,4
60026351,1,0,1,4
60026351,3,2,1,8
60026371,1,0,1,10
60026391,1,2,1,10
60026411,1,0,1,10
60026481,1,0,3,9
60026571,1,2,2,5
60026601,2,0,2,5
60026601,3,2,2,10
60026621,1,0,2,7
60026691,2,0,2,10
60026821,1,2,1,7
60026921,2,0,2,7
60026931,1,0,2,8
60026951,1,2,2,0
60026961,2,0,2,10
60026991,1,0,2,6
60027001,3,0,3,5
60027121,1,0,2,9
60027141,1,0,1,7
60027161,1,2,2,7
60027261,2,0,1,6
60027281,5,0,2,7
60027321,1,0,2,8
60027441,4,0,1,0
60027691,1,2,1,8
60027711,3,2,1,8
60027781,1,0,1,10
60027831,1,0,1,8
60027851,2,2,1,10
60027871,2,0,2,8
60027961,3,2,4,7
60028051,1,0,1,1
60028061,3,0,1,8
60028221,1,0,2,8
60028321,6,0,3,7
60028521,1,0,4,10
60028601,2,0,1,7
60028801,4,0,2,9
60028841,1,0,1,5
60028931,1,1,3,10
60029091,1,2,2,7
60029231,2,0,5,5
60029281,2,0,3,10
60029411,1,2,1,9
60029411,5,0,1,8
60029421,1,2,1,9
60029431,1,2,1,5
60029471,1,0,1,7
60029481,2,0,1,8
60029621,1,2,1,9
60029621,3,0,1,10
60029631,1,0,3,8
60029631,3,0,3,10
60029641,1,0,1,9
60029721,3,0,3,9
60029751,1,2,3,8
60029811,3,0,2,8
60029881,1,0,2,9
60029941,1,2,2,7
60029971,1,0,2,9
60030061,1,0,3,9
60030081,1,0,3,4
60030091,4,2,3,7
60030091,5,2,3,9
60030121,1,0,2,7
60030181,1,0,3,5
60030321,1,0,2,10
60030321,2,0,2,10
60030381,1,0,2,7
60030391,2,0,1,7
60030411,1,1,1,10
60030461,1,0,2,10
60030461,3,0,2,10
60030471,1,0,1,6
60030481,5,0,1,10
60030521,1,0,2,10
60030671,1,2,1,8
60030671,2,0,1,8
60030671,6,0,1,8
60030751,1,2,1,5
60030771,2,0,1,10
60030951,2,0,1,8
60031011,1,2,1,9
60031031,1,2,1,8
60031071,1,0,1,8
60031101,1,2,1,8
60031101,4,0,1,7
60031331,2,0,3,9
60031411,1,0,3,10
60031621,1,2,3,10
60031641,1,0,3,10
60031711,2,0,2,10
60031731,1,0,3,10
60031791,1,2,4,10
60031861,1,2,3,7
60032001,1,0,3,8
60032113,1,0,2,9
60032131,3,0,2,10
60032161,1,0,2,10
60032161,2,0,2,9
60032231,5,0,1,10
60032271,1,2,1,7
60032301,1,0,1,6
60032301,3,0,1,10
60032331,4,0,1,7
60032341,3,0,1,7
60032491,2,0,3,10
60032491,4,2,3,8
60032611,1,0,1,6
60032731,1,1,1,9
60032781,1,0,2,10
60032821,1,2,1,6
60032831,3,0,2,8
60032911,4,2,1,10
60033211,2,2,3,9
60033221,1,0,3,8
60033221,3,0,3,9
60033351,1,0,1,8
60033461,1,2,1,10
60033471,1,0,1,9
60033551,1,1,1,8
60033561,5,2,1,10
60033611,1,0,1,6
60033631,5,0,1,8
60033651,1,0,1,9
60033671,1,0,2,8
60033731,2,0,3,10
60033741,1,0,3,9
60033781,1,0,1,0
60033821,8,0,2,9
60033921,1,0,2,10
60033951,2,0,4,8
60033971,1,2,2,10
60034001,3,0,4,10
60034011,1,2,4,10
60034021,1,2,4,10
60034171,1,0,2,9
60034401,3,2,2,8
60034461,3,0,2,10
60034521,1,0,2,9
60034541,3,0,2,9
60034551,4,0,1,9
60034611,4,0,3,8
60034691,1,0,2,10
60034751,1,0,2,10
60034791,1,0,2,10
60034801,1,0,2,10
60034891,1,0,2,10
60035001,1,0,1,5
60035141,1,2,2,9
60035191,4,0,2,9
60035261,1,0,1,9
60035271,2,2,2,7
60035361,1,0,1,8
60035361,3,2,1,8
60035451,4,0,1,9
60035481,1,1,6,10
60035721,13,2,1,9
60035821,2,2,1,10
60035991,1,2,1,9
60036171,6,2,1,10
60036171,9,0,1,8
60036261,4,0,1,8
60036501,1,2,1,8
60036631,1,0,1,7
60036711,1,2,1,9
60036711,2,0,1,8
60036771,1,2,1,8
60036851,1,2,1,9
60036961,1,2,1,9
60037031,5,0,2,10
60037061,4,0,4,10
60037121,1,0,2,10
60037181,2,0,1,8
60037311,2,1,2,10
60037321,4,0,1,0
60037321,8,0,1,8
60037471,1,0,1,8
60037491,1,0,1,7
60037491,2,0,1,9
60037571,9,2,1,8
60037651,3,0,1,7
60037651,5,0,1,5
60037662,1,2,1,9
60037801,6,0,1,8
60037801,9,0,1,8
60037951,1,0,1,8
60038001,1,0,1,9
60038141,7,0,1,7
60038321,1,0,1,9
60038331,1,0,1,7
60038411,1,2,1,5
60038571,3,0,2,10
60038601,4,0,2,10
60038711,1,0,1,8
60038771,1,0,1,9
60038811,5,0,1,10
60038901,6,0,1,8
60038991,1,0,1,10
60038991,3,0,1,10
60038991,9,0,1,8
60039051,2,0,1,10
60039071,1,0,1,10
60039091,2,0,1,5
60039101,1,0,1,8
60039111,1,2,1,10
60039161,4,0,1,8
60039301,1,2,1,9
60039351,1,0,0,10
60039391,8,0,0,10
60039401,1,0,1,10
60039631,1,0,3,10
60039651,1,0,3,10
60039671,1,0,1,10
60039751,1,0,1,10
60039811,1,2,3,10
60039941,3,0,2,8
60040111,1,0,5,5
60040151,1,0,3,10
60040191,1,0,2,10
60040201,1,2,1,10
60040281,1,0,6,8
60040291,3,2,4,9
60040381,1,2,4,9
60040721,1,0,4,8
60040991,2,2,3,9
60041191,2,2,4,5
60041261,1,0,5,8
60041331,1,0,4,9
60041511,1,0,2,9
60041571,1,0,2,7
60041571,3,0,2,8
60041651,1,2,2,10
60041663,1,2,2,10
60041671,1,2,2,10
60041711,2,0,2,10
60041751,1,0,0,8
60041781,2,0,2,8
60041811,1,0,3,5
60041891,1,0,2,10
60041931,4,0,2,10
60042051,3,0,3,5
60042061,1,0,2,10
60042141,1,0,2,7
60042221,1,0,3,3
60042441,1,2,2,7
60042501,3,0,2,5
60042691,3,2,3,9
60042741,1,2,2,2
60042771,1,0,2,0
60042781,1,0,1,8
60042841,1,0,1,8
60042951,1,0,1,8
60042951,3,0,1,10
60042971,1,0,1,3
60043111,1,0,2,8
60043141,1,0,1,9
60043181,1,0,1,8
60043181,3,0,1,7
60043271,1,2,8,8
60043291,1,2,8,8
60043301,3,0,8,7
60043331,1,0,8,7
60043431,1,0,0,9
60043541,1,0,8,8
60043561,1,0,8,7
60043651,2,0,1,9
60043681,1,2,1,8
60043691,1,0,1,7
60043781,1,2,1,8
60043881,1,2,1,9
60043881,3,0,1,10
60043941,1,0,2,8
60043991,2,0,1,7
60044001,1,0,2,7
60044001,2,0,2,10
60044021,1,2,2,10
60044031,1,0,1,4
60044071,2,0,1,10
60044091,1,0,1,10
60044151,2,0,2,6
60044161,1,2,1,8
60044241,4,0,4,8
60044391,1,0,4,10
60044411,1,2,4,10
60044561,1,0,2,8
60044651,1,0,2,9
60044861,1,0,2,10
60044941,1,0,1,9
60044991,1,0,1,8
60045011,1,2,1,9
60045091,1,0,2,8
60045111,1,0,2,8
60045131,1,2,1,0
60045231,5,0,2,5
60045241,1,2,2,10
60045251,1,0,2,9
60045252,1,0,2,6
60045281,1,0,2,3
60045291,1,0,2,9
60045361,1,0,2,8
60045371,5,0,4,7
60045431,1,0,2,8
60045451,1,2,1,10
60045461,1,0,1,10
60045561,1,1,2,10
60045561,2,1,2,10
60045701,1,0,2,5
60045791,5,0,1,8
60045821,1,0,2,8
60045841,3,0,3,8
60045881,2,1,3,9
60045911,1,0,3,7
60045921,1,0,3,6
60045921,2,0,3,7
60045941,2,0,3,10
60045951,4,0,3,9
60046121,1,0,2,8
60046411,1,2,2,7
60046431,2,0,2,8
60046431,4,1,2,9
60046441,1,0,2,5
60046481,1,0,3,5
60046611,2,2,2,9
60046681,1,0,2,10
60046701,2,0,1,10
60046741,2,0,1,8
60046751,1,0,1,0
60046761,1,0,1,7
60046791,1,2,3,7
60046861,2,2,2,8
60046901,1,0,1,10
60046941,1,0,5,10
60046961,1,0,1,10
60046991,3,0,2,9
60047031,1,2,1,6
60047031,2,0,1,9
60047041,4,0,2,8
60047091,1,0,1,10
60047131,2,2,1,9
60047141,1,2,1,10
60047181,1,0,1,10
60047191,1,0,1,10
60047221,1,0,1,5
60047221,2,0,1,0
60047301,2,0,2,9
60047311,2,0,2,9
60047361,1,0,2,8
60047401,1,0,2,6
60047411,2,2,2,8
60047441,1,2,2,8
60047521,1,0,1,8
60047571,1,0,1,10
60047571,3,0,1,10
60047661,1,0,3,7
60047681,1,0,3,9
60047781,1,2,1,5
60047841,1,0,3,9
60047891,1,0,1,10
60048011,1,0,1,8
60048031,4,2,2,9
60048101,3,0,1,5
60048161,1,2,2,5
60048221,3,0,2,10
60048291,1,2,2,10
60048301,3,0,3,10
60048331,1,0,1,0
60048351,4,1,1,9
60048371,1,2,2,5
60048371,3,2,2,10
60048461,1,0,1,8
60048491,2,0,1,10
60048531,3,0,1,9
60048641,3,0,2,8
60048691,3,0,2,9
60048691,5,0,2,8
60048911,1,0,2,9
60048931,5,0,2,8
60048951,1,1,2,10
60049081,1,2,2,10
60049101,1,0,2,6
60049131,1,0,1,5
60049161,2,0,2,8
60049211,1,0,1,10
60049291,2,0,3,8
60049461,1,0,3,9
60049461,5,0,3,9
60049541,1,0,1,10
60049541,7,0,1,8
60049561,6,0,1,8
60049581,1,0,1,8
60049781,1,0,2,9
60049861,1,2,2,10
60049951,1,2,2,5
60050001,3,0,2,3
60050021,1,2,4,10
60050051,1,0,4,8
60050081,1,0,2,7
60050081,3,0,2,8
60050081,4,2,2,8
60050201,3,1,1,10
60050211,1,0,1,8
60050211,4,2,1,7
60050261,1,0,2,0
60050341,2,0,1,5
60050381,3,0,1,7
60050481,3,2,1,6
60050501,3,2,1,8
60050531,3,2,1,8
60050611,1,0,1,8
60050721,3,0,1,10
60050921,1,0,1,7
60050931,1,2,1,10
60050931,3,2,1,7
60050951,1,2,1,10
60051021,1,2,1,9
60051071,1,1,1,8
60051111,1,2,1,7
60051371,1,2,1,6
60051391,4,0,2,8
60051401,1,0,2,7
60051441,4,0,3,7
60051451,1,0,2,8
60051501,1,2,4,7
60051581,1,2,2,8
60051581,5,2,2,10
60051611,2,0,1,7
60051631,1,0,1,8
60051631,5,0,1,5
60051671,4,0,1,8
60051691,2,0,2,10
60051711,3,0,1,8
60051741,1,0,2,8
60051861,1,0,2,5
60051911,3,0,3,10
60051921,2,2,3,2
60051961,4,0,3,10
60051971,2,2,3,8
60051971,4,0,3,5
60052011,1,0,3,7
60052031,1,0,2,8
60052071,1,0,1,7
60052111,1,2,1,5
60052121,1,0,2,10
60052131,1,0,2,5
60052161,1,0,1,10
60052251,1,0,2,8
60052291,3,0,2,10
60052301,1,0,2,2
60052381,1,2,4,8
60052391,1,0,2,8
60052421,1,0,4,9
60052491,2,2,1,8
60052671,3,2,3,8
60052681,1,0,3,7
60052681,2,0,3,7
60052791,1,2,2,10
60052851,1,1,5,8
60052941,1,2,0,9
60052971,4,0,0,10
60053071,1,2,2,10
60053091,1,0,2,9
60053291,1,2,1,3
60053701,1,0,2,8
60053871,1,2,2,6
60054051,1,2,3,10
60054051,3,0,3,10
60054061,3,0,2,10
60054131,2,2,5,10
60054291,1,0,5,7
60054401,3,0,2,7
60054421,1,2,1,8
60054441,1,0,1,10
60054461,1,0,1,10
60054471,1,0,1,7
60054531,2,0,3,7
60054621,1,0,3,5
60054761,1,0,1,10
60054771,1,2,2,9
60054771,3,0,2,9
60054871,1,0,2,9
60054941,1,0,2,6
60054951,1,0,2,5
60054961,1,0,3,8
60055001,1,0,2,8
60055011,1,2,1,9
60055051,1,0,1,5
60055061,1,2,1,10
60055121,3,2,2,8
60055141,1,0,2,9
60055221,1,2,1,8
60055221,6,0,1,8
60055271,4,0,2,9
60055351,1,0,2,5
60055372,1,0,2,7
60055391,1,0,2,10
60055391,3,0,2,10
60055451,1,0,2,7
60055461,1,0,1,10
60055471,1,0,1,8
60055481,2,0,1,8
60055491,1,0,1,10
60055491,2,0,1,9
60055491,4,0,1,8
60055511,1,0,1,9
60055541,3,0,1,9
60055571,4,0,1,8
60055591,3,1,2,8
60055691,1,2,1,10
60055691,3,0,1,8
60055721,1,2,1,5
60055741,1,0,2,10
60055811,3,0,2,8
60055811,6,0,2,8
60055831,1,0,1,10
60055981,1,2,2,9
60055981,2,0,2,10
60056031,1,2,2,3
60056221,1,2,2,8
60056251,1,0,1,8
60056281,1,0,4,10
60056301,1,0,3,9
60056331,1,0,1,7
60056341,1,0,0,0
60056431,1,0,2,9
60056441,1,2,2,7
60056491,1,0,2,9
60056491,2,0,2,8
60056511,1,0,2,8
60056521,1,0,3,7
60056771,1,0,2,8
60056911,1,2,2,8
60056991,5,0,1,10
60057061,2,0,3,8
60057091,1,0,2,10
60057101,4,0,2,10
60057181,1,2,1,10
60057201,3,2,1,7
60057221,1,0,1,8
60057371,3,0,1,9
60057411,3,0,1,6
60057451,1,0,1,8
60057511,1,2,1,8
60057581,2,2,1,7
60057631,1,0,1,7
60057691,4,2,1,5
60057701,3,0,1,6
60057741,3,2,1,7
60057831,1,2,1,7
60057831,2,0,1,6
60057901,1,2,2,10
60057901,7,0,2,8
60058001,1,0,1,10
60058201,2,0,1,10
60058221,2,2,1,5
60058431,2,0,1,10
60058431,4,0,1,10
60058631,1,0,1,10
60058741,1,2,3,10
60058761,1,0,1,9
60058861,1,2,1,7
60058921,1,0,1,10
60059001,3,0,2,10
60059031,1,0,1,6
60059061,1,0,2,9
60059081,5,0,1,8
60059211,3,2,3,8
60059241,3,0,1,8
60059331,2,2,2,3
60059441,1,0,2,7
60059451,5,0,1,8
60059461,1,0,1,8
60059471,1,0,1,10
60059481,1,0,1,10
60059571,1,2,1,8
60059591,1,2,1,8
60059601,1,2,1,9
60059861,1,2,0,8
60060041,1,2,1,9
60060051,1,2,1,8
60060081,1,2,1,8
60060081,3,0,1,8
60060131,7,0,2,10
60060151,3,1,2,7
60060241,5,0,2,6
60060291,3,2,2,8
60060311,3,1,2,8
60060391,1,2,2,8
60060441,1,0,2,7
60060491,1,0,2,8
60060551,1,0,1,9
60060571,1,0,1,10
60060641,1,0,1,8
60060701,1,2,1,8
60060741,1,0,2,10
60060851,1,2,2,9
60060871,1,0,2,10
60060991,4,2,3,7
60061031,1,0,1,7
60061041,1,0,1,5
60061111,3,0,1,9
60061141,1,0,2,10
60061251,3,0,1,9
60061261,1,2,1,8
60061301,1,2,2,6
60061341,1,2,2,6
60061421,1,2,4,8
60061441,2,2,3,8
60061461,4,2,3,7
60061501,2,0,3,10
60061551,1,2,2,7
60061601,1,2,1,8
60061641,4,0,2,10
60061681,1,2,0,10
60061851,6,0,1,8
60062001,1,0,1,10
60062041,1,2,6,10
60062431,1,2,1,8
60062511,1,2,1,8
60062571,1,0,1,10
60062571,3,0,1,9
60062631,1,2,1,9
60063181,1,0,2,10
60063201,1,0,2,10
60063241,1,0,1,5
60063261,1,0,1,6
60063331,1,0,2,8
60063331,5,0,2,8
60063421,1,0,2,8
60063491,1,0,2,6
60063641,1,2,5,9
60063691,4,0,4,8
60063691,8,0,4,9
60063901,1,0,0,8
60063971,1,0,0,9
60064001,1,2,0,2
60064081,1,0,1,10
60064181,1,0,0,2
60064321,5,0,1,5
60064331,1,0,1,7
60064391,1,0,2,10
60064551,1,0,4,7
60064611,1,0,2,9
60064731,3,0,2,9
60064771,1,0,2,8
60064781,4,0,2,6
60064821,1,0,2,8
60064861,1,0,2,8
60064871,7,0,2,8
60064941,1,0,2,7
60065041,1,0,3,6
60065041,2,0,3,9
60065291,3,0,2,10
60065321,1,0,1,6
60065341,1,0,2,10
60065451,1,2,1,8
60065591,2,2,2,8
60065642,1,0,1,8
60065691,1,2,1,4
60065711,1,2,1,8
60066011,4,0,2,8
60066071,3,0,2,8
60066081,1,0,2,7
60066261,1,2,1,8
60066491,3,0,3,10
60066521,1,0,2,10
60066521,4,0,2,0
60066761,1,2,1,8
60066781,1,2,1,3
60066831,1,0,2,9
60066891,2,2,2,10
60066911,1,2,2,8
60066911,3,0,2,8
60066921,1,2,2,8
60066961,1,0,2,8
60066991,1,0,2,10
60067061,2,1,2,10
60067061,5,2,2,10
60067081,2,0,2,10
60067211,1,0,2,10
60067401,1,0,2,8
60067521,1,0,6,10
60067631,4,0,1,10
60067681,1,2,3,10
60067681,4,0,3,10
60067701,1,0,1,10
60067941,4,2,1,2
60067981,1,0,1,7
60068171,1,0,1,8
60068261,1,2,1,7
60068311,2,2,2,10
60068381,2,2,2,8
60068391,6,2,1,10
60068411,1,0,2,9
60068421,2,2,2,9
60068671,1,0,4,7
60068721,2,0,4,10
60068731,1,0,4,8
60068741,1,0,3,9
60068761,1,0,3,10
60068871,3,2,2,8
60068891,1,0,2,10
60068941,1,0,1,10
60068941,4,2,1,6
60069031,3,0,1,9
60069041,1,0,1,9
60069131,4,0,1,8
60069221,1,0,1,5
60069371,1,2,1,6
60069391,1,2,1,8
60069472,2,0,1,8
60069551,1,2,3,9
60069561,1,0,3,7
60069781,1,0,1,6
60069841,1,0,1,10
60069911,4,0,1,8
60069991,1,2,1,6
60070011,5,0,0,7
60070011,7,0,0,0
60070031,1,0,1,9
60070031,2,0,1,8
60070071,1,0,1,7
60070101,1,1,1,9
60070221,1,0,1,9
60070541,1,0,1,10
60070601,2,0,1,7
60070691,7,0,2,8
60070771,1,0,1,7
60070861,3,0,4,10
60070941,3,0,3,10
60071011,1,2,0,10
60071091,4,0,1,10
60071161,1,0,1,10
60071211,1,2,1,10
60071491,5,0,1,6
60071751,4,0,1,8
60071881,3,0,1,9
60071921,5,0,1,8
60071991,2,0,1,4
60072131,8,0,1,9
60072181,1,0,1,5
60072601,1,0,1,4
60072771,1,2,1,7
60072841,1,0,1,9
60072861,1,0,1,4
60072871,1,0,1,8
60073001,1,0,1,8
60073011,2,0,1,9
60073031,1,2,1,10
60073211,1,2,1,6
60073571,1,0,2,10
60073581,5,0,2,10
60073591,1,0,2,10
60073731,1,0,2,10
60073761,1,0,2,8
60073781,1,0,2,10
60074041,3,0,2,8
60074231,1,0,2,8
60074351,1,0,2,0
60074461,1,0,4,9
60074621,1,0,2,6
60074651,1,0,2,9
60074731,1,0,2,9
60074811,3,0,2,8
60075001,1,2,4,10
60075021,1,0,3,8
60075201,1,0,4,8
60075291,1,0,3,8
60075371,3,0,3,10
60075381,3,0,2,10
60075411,1,0,3,9
60075421,1,0,3,9
60075481,1,0,3,8
60075491,1,1,3,9
60075651,2,0,6,6
60075781,1,0,5,9
60075901,1,0,5,8
60075981,1,0,2,9
60076031,1,0,9,10
60076071,1,2,1,10
60076181,1,1,0,8
60076461,1,0,2,6
60076561,1,0,0,8
60076681,1,2,2,7
60076721,5,0,1,8
60076941,1,0,1,10
60076981,1,0,1,8
60077111,2,0,1,10
60077111,4,0,1,10
60077141,1,0,1,7
60077241,1,0,1,6
60077441,1,0,1,5
60077581,1,2,2,7
60078281,1,0,1,10
60078721,4,1,1,10
60078731,1,0,2,10
60078761,1,0,3,8
60078801,1,0,1,7
60078811,1,0,1,10
60078831,1,0,1,8
60078841,1,0,1,8
60079021,1,2,3,5
60079361,1,0,1,10
60079641,4,0,4,9
60079681,5,0,5,9
60079791,4,0,3,10
60079931,1,0,2,10
60079941,2,0,2,10
60079971,2,0,1,8
60079981,1,0,1,10
60080011,1,0,3,8
60080161,2,0,2,6
60080181,3,0,2,8
60080191,1,0,2,10
60080201,1,2,2,7
60080221,1,2,2,8
60080241,5,2,2,8
60080281,3,2,1,5
60080301,1,0,2,5
60080301,4,0,2,8
60080321,1,0,2,7
60080321,5,0,2,9
60080321,8,0,2,7
60080351,2,2,1,10
60080411,1,2,1,9
60080431,1,0,1,8
60080431,3,0,1,8
60080441,2,0,1,10
60080461,1,0,1,8
60080631,1,2,1,10
60080831,3,1,3,6
60080891,1,0,2,10
60081341,1,0,1,10
60081371,2,0,3,9
60081401,1,2,1,5
60081471,1,2,2,10
60081521,1,2,1,8
60081551,1,0,2,10
60081571,1,2,1,6
60081701,1,1,2,10
60081861,1,0,3,7
60081981,1,0,1,10
60082001,1,2,3,10
60082011,6,0,2,10
60082031,2,0,1,10
60082041,1,0,1,10
60082071,1,0,3,9
60082201,1,0,3,9
60082311,1,0,2,8
60082351,1,1,3,9
60082371,2,0,2,10
60082411,1,0,2,9
60082411,2,0,2,9
60082431,1,0,2,8
60082611,2,2,1,10
60082631,1,0,1,10
60082681,1,2,1,8
60082711,1,0,1,8
60082791,5,0,1,10
60082801,1,0,1,8
60082911,3,2,2,9
60082961,3,0,2,9
60082971,1,0,1,8
60082981,4,2,1,7
60082991,1,2,1,8
60083001,1,2,1,9
60083011,8,0,1,10
60083031,1,0,1,10
60083171,3,0,1,7
60083181,3,0,1,10
60083201,2,1,1,8
60083241,4,0,1,10
60083271,1,0,1,7
60083291,2,0,1,8
60083471,1,2,1,5
60083511,3,0,1,10
60083611,1,2,1,8
60083691,1,2,1,8
60083741,1,0,1,6
60083801,1,2,1,6
60083881,2,0,1,8
60083941,1,0,1,7
60084111,3,0,2,9
60084181,1,0,2,7
60084191,3,0,2,5
60084252,1,0,2,5
60084252,3,2,2,10
60084271,1,0,2,10
60084321,1,2,2,10
60084321,4,0,2,10
60084341,3,0,2,10
60084411,1,0,3,10
60084421,1,2,3,3
60084441,1,0,2,10
60084441,3,0,2,10
60084441,5,2,2,10
60084471,2,0,1,7
60084471,5,0,1,7
60084511,1,2,1,7
60084541,1,0,1,8
60084561,1,1,1,7
60084641,1,0,2,10
60084661,1,0,1,8
60084671,2,0,1,9
60084691,1,2,1,9
60084711,1,2,1,9
60084721,1,1,1,7
60084751,1,2,1,9
60084791,3,0,1,9
60084791,5,2,1,9
60084791,7,2,1,9
60084822,1,2,1,9
60084841,1,2,1,8
60084861,2,2,1,9
60084901,1,0,1,6
60084931,4,0,1,8
60085001,4,0,1,10
60085081,1,0,1,10
60085082,1,2,1,5
60085091,1,0,1,6
60085181,1,0,1,6
60085262,4,0,1,7
60085271,1,0,1,8
60085331,2,0,1,7
60085331,5,0,1,7
60085531,1,2,1,8
60085591,2,2,1,8
60085691,1,2,1,7
60085741,2,2,1,8
60085901,5,0,1,7
60086031,3,0,2,9
60086051,2,2,2,8
60086111,1,2,1,10
60086121,1,2,1,9
60086191,1,2,1,10
60086251,1,0,1,9
60086281,1,0,2,9
60086311,1,0,1,6
60086351,1,0,1,4
60086431,1,0,2,4
60086491,2,2,1,8
60086601,5,0,1,8
60086611,1,0,1,8
60086611,6,0,1,6
60086711,1,1,2,8
60086861,7,0,2,10
60087061,4,0,2,10
60087071,4,0,2,10
60087281,2,0,2,7
60087291,1,0,2,9
60087341,1,0,1,9
60087341,2,0,1,9
60087451,1,0,3,10
60087521,1,0,1,4
60087541,1,2,1,7
60087591,1,2,1,7
60087611,6,0,1,8
60087641,1,0,9,6
60087671,1,0,1,8
60087681,1,0,1,9
60087811,2,0,1,9
60087941,2,0,1,8
60087951,1,0,1,6
60088021,3,0,1,7
60088031,1,0,1,7
60088051,2,2,1,6
60088111,1,0,1,6
60088111,3,0,1,7
60088131,1,0,3,6
60088141,1,2,1,5
60088181,1,2,3,5
60088241,1,0,1,10
60088261,1,0,1,9
60088301,2,0,1,10
60088381,3,0,1,10
60088381,5,0,1,9
60088391,1,0,1,10
60088521,1,2,4,9
60088601,1,2,2,10
60088691,4,0,2,10
60088701,3,0,2,10
60088741,1,0,2,10
60088771,1,0,2,9
60088771,3,0,2,9
60088781,1,0,2,8
60088981,1,0,2,9
60089011,1,2,2,7
60089101,2,2,1,8
60089111,1,0,2,8
60089221,3,0,2,8
60089451,4,0,1,9
60089471,1,2,1,8
60089481,1,0,1,7
60089491,6,2,1,10
60089521,5,0,1,8
60089531,1,2,1,0
60089551,2,0,1,8
60089881,1,0,1,8
60089881,4,0,1,10
60089951,1,0,1,8
60089951,3,0,1,8
60090031,4,0,1,8
60090041,5,0,1,9
60090091,1,0,1,10
60090121,6,0,1,9
60090181,3,0,1,10
60090231,1,0,1,5
60090451,5,0,1,9
60090501,1,0,4,10
60090561,1,0,3,10
60090651,1,0,1,10
60090681,1,2,2,10
60090691,3,0,1,10
60090701,1,0,1,10
60091221,1,2,0,10
60091261,6,0,2,10
60091281,4,0,2,8
60091321,1,2,2,8
60091331,1,0,2,5
60091381,1,0,2,5
60091381,4,0,2,4
60091431,1,2,1,6
60091681,1,0,1,8
60091681,6,0,1,10
60091751,4,0,2,10
60091851,7,0,2,10
60091881,1,0,3,5
60091921,1,2,3,9
60091951,1,2,3,5
60092191,1,2,4,10
60092201,1,0,1,9
60092231,1,0,1,10
60092351,4,0,1,10
60092411,1,0,1,9
60092491,1,1,1,9
60092511,1,0,2,7
60092521,1,0,2,7
60092571,1,1,2,5
60093091,1,1,3,6
60093101,4,0,3,6
60093141,5,0,1,4
60093151,2,0,1,7
60093211,3,0,3,10
60093221,5,1,1,8
60093421,1,2,1,9
60093591,1,2,1,8
60093631,4,2,2,8
60093721,3,0,2,10
60093791,1,0,3,5
60093791,3,0,3,7
60093811,3,0,5,8
60093871,1,2,4,8
60093931,1,0,2,9
60094081,1,2,1,9
60094151,3,0,1,6
60094171,1,2,1,5
60094271,1,0,1,8
60094331,3,0,1,8
60094391,1,0,1,8
60094401,2,0,3,10
60094411,2,0,3,6
60094451,4,0,2,6
60094491,1,0,2,10
60094511,1,2,2,10
60094921,7,0,1,8
60095901,3,0,3,5
60095941,1,0,1,5
60096041,1,0,1,9
60096051,1,0,1,9
60096071,1,0,1,9
60096091,1,0,1,8
60096221,4,2,1,9
60096281,4,0,2,10
60096401,1,0,1,10
60096441,1,0,1,10
60096551,4,0,3,0
60096681,1,2,2,8
60096681,5,0,2,8
60096681,7,0,2,10
60096721,4,0,3,10
60096931,1,0,1,8
60096931,2,2,1,7
60097101,1,2,2,8
60097131,1,0,2,6
60097201,1,0,2,6
60097221,1,0,2,5
60097231,1,0,2,5
60097271,1,0,2,7
60097581,1,2,4,10
60097591,2,2,3,10
60097781,1,2,2,9
60097961,1,0,1,10
60097961,2,0,1,10
60098111,1,2,2,0
60098121,1,2,1,8
60098261,3,0,3,8
60098301,5,0,2,10
60098381,3,0,3,8
60098441,1,0,2,8
60098441,2,0,2,8
60098451,1,0,2,8
60098451,2,0,2,8
60098521,1,0,2,7
60098521,2,0,2,8
60098521,5,0,2,8
60098541,1,0,2,9
60098621,1,0,1,9
60098641,2,0,2,8
60098691,3,0,2,8
60098801,1,2,3,3
60098961,1,2,2,10
60099171,1,0,2,10
60099191,2,2,2,8
60099231,1,0,2,7
60099261,1,0,2,8
60099421,1,2,2,8
60099491,1,0,2,10
60099531,1,0,2,10
60099551,2,0,2,10
60099651,1,2,2,9
60099671,1,2,0,9
60099761,1,0,2,9
60100271,3,0,1,6
60100291,4,0,2,9
60100391,1,0,2,9
60100462,1,0,3,8
60100462,3,0,3,8
60100601,1,0,2,7
60100611,5,0,2,7
60100801,3,2,2,8
60100841,5,0,2,7
60100891,1,0,2,10
60100921,4,2,2,8
60100931,2,2,2,5
60101061,1,0,1,8
60101071,5,0,1,8
60101161,1,2,1,7
60101211,1,0,1,7
60101221,2,0,1,10
60101261,1,0,1,5
60101291,1,0,1,10
60101351,2,0,3,10
60101451,1,2,2,8
60101621,2,0,3,10
60101631,3,2,1,8
60101791,1,0,5,10
60101811,1,2,5,10
60101891,1,0,1,10
60102021,1,0,3,10
60102071,1,0,2,9
60102131,1,0,1,8
60102181,1,0,1,10
60102221,1,0,2,6
60102431,1,0,2,8
60102451,1,0,2,9
60102461,1,2,2,7
60102461,2,0,2,8
60102491,2,2,2,8
60102511,3,0,2,10
60102691,1,0,1,10
60102791,1,0,1,5
60102841,3,2,1,9
60102841,5,0,1,8
60102971,2,0,1,8
60103001,3,0,1,10
60103001,5,0,1,9
60103031,2,2,3,7
60103051,3,0,3,9
60103061,1,2,3,10
60103211,1,2,1,8
60103311,3,0,2,10
60103391,1,0,1,8
60103421,1,2,1,7
60103431,1,0,3,8
60103451,1,2,1,7
60103481,1,0,3,10
60103491,1,2,1,10
60103511,1,0,3,9
60103561,1,0,1,10
60103591,1,0,3,8
60103721,3,0,1,10
60103791,1,0,3,10
60104131,1,0,1,10
60104271,1,0,1,10
60104281,1,0,1,10
60104311,1,0,1,9
60104311,2,0,1,8
60104341,2,0,2,10
60104391,1,0,1,9
60104401,1,0,1,8
60104431,1,0,3,8
60104481,1,0,3,10
60104531,1,0,2,8
60104541,1,0,3,7
60104541,2,0,3,8
60104631,2,2,2,9
60104651,3,0,2,10
60104711,3,0,2,8
60104841,1,0,1,10
60104891,6,1,1,10
60105041,3,0,2,9
60105251,1,0,2,9
60105331,1,2,2,10
60105401,4,1,1,10
60105471,4,0,1,8
60105541,1,0,2,9
60105551,1,0,1,10
60105731,3,2,2,9
60105871,1,0,1,8
60105881,3,0,1,7
60106011,1,0,2,7
60106031,1,0,2,7
60106121,1,2,3,8
60106411,2,0,2,8
60106421,7,0,1,8
60106521,7,0,2,10
60106531,1,2,2,10
60106581,3,0,2,6
60106661,1,2,2,7
60106741,3,0,2,9
60106811,1,0,2,8
60106811,4,0,2,9
60107091,1,2,1,6
60107401,7,0,1,10
60107471,3,0,1,9
60107881,1,2,2,10
60108071,2,2,3,7
60108101,1,0,1,10
60108121,1,2,1,6
60108161,1,0,1,7
60108171,2,2,3,6
60108171,7,2,3,6
60108251,1,2,2,8
60108371,1,0,2,7
60108411,3,0,1,7
60108451,3,0,1,7
60108501,2,2,1,8
60108561,1,0,1,10
60108611,3,0,2,6
60108611,5,0,2,10
60108621,1,0,0,8
60108631,1,0,0,8
60108751,5,0,2,7
60108761,4,2,2,7
60108761,6,2,2,10
60108781,1,0,2,10
60108821,3,1,4,10
60108831,2,0,4,9
60108871,1,0,4,8
60108891,1,0,4,9
60108901,1,2,4,6
60108941,1,0,4,8
60109001,5,0,2,10
60109011,4,0,2,10
60109051,1,0,3,8
60109071,2,0,3,2
60109261,4,0,2,10
60109361,1,2,3,8
60109571,3,0,3,9
60109621,1,0,3,8
60109701,6,0,2,8
60109791,4,0,3,9
60109851,3,0,3,10
60109951,1,0,3,9
60110101,1,0,3,6
60110141,4,0,3,10
60110151,2,2,3,9
60110261,1,0,1,8
60110291,1,1,2,0
60110381,3,0,2,9
60110401,3,0,3,9
60110511,1,0,3,6
60110531,1,0,3,10
60110621,1,0,4,9
60110641,1,0,3,10
60110821,1,0,3,10
60110841,1,0,3,10
60110941,1,0,1,9
60110961,1,0,1,8
60111031,1,0,1,8
60111071,1,0,1,4
60111081,1,0,1,8
60111101,1,2,0,9
60111101,5,0,0,7
60111141,3,2,1,8
60111151,5,0,1,8
60111271,5,0,1,4
60111371,2,0,1,8
60111381,3,0,1,8
60111391,1,0,1,8
60111421,3,0,2,8
60111421,5,0,2,10
60111691,1,2,1,5
60111691,3,0,1,4
60111781,1,0,1,10
60111811,1,2,1,10
60111811,4,2,1,9
60111811,6,0,1,10
60111841,3,0,2,10
60111871,1,2,2,10
60111971,1,0,3,7
60112121,1,0,1,8
60112221,1,0,2,10
60112261,1,0,2,10
60112311,2,0,2,7
60112321,1,0,4,8
60112421,1,0,1,8
60112471,3,0,1,8
60112491,1,2,1,8
60112521,1,2,1,8
60112551,1,0,1,2
60112551,2,0,1,9
60112581,3,0,1,9
60112591,1,0,1,10
60112611,1,2,0,8
60112611,2,0,0,7
60112781,1,2,1,8
60112821,1,2,2,10
60112911,1,2,1,10
60112961,1,0,2,8
60112991,3,0,2,10
60113001,1,0,2,9
60113041,1,2,1,10
60113111,6,0,2,10
60113191,1,1,4,8
60113561,1,0,2,9
60113571,1,0,2,10
60113681,1,2,2,9
60113691,1,2,3,10
60113861,3,0,2,10
60114061,1,0,1,10
60114101,1,0,1,9
60114131,1,0,1,8
60114151,1,0,3,10
60114171,1,0,1,10
60114211,3,0,9,5
60114251,4,0,1,9
60114321,1,2,2,9
60114611,5,0,1,6
60114721,3,0,1,10
60114771,1,2,1,10
60114851,1,0,3,9
60114851,3,0,3,9
60114871,3,0,1,8
60114921,1,0,3,7
60114941,7,0,2,8
60114961,1,2,3,5
60114981,5,0,2,7
60115021,3,0,2,8
60115041,1,2,2,7
60115061,4,0,2,7
60115281,3,0,1,7
60115303,1,0,2,6
60115331,1,0,2,5
60115471,2,0,1,8
60115591,1,2,1,8
60115601,2,0,1,10
60115621,3,0,1,8
60115671,3,0,1,10
60115721,2,2,2,8
60115871,1,2,1,6
60116031,1,0,1,5
60116041,1,2,1,8
60116071,1,0,1,7
60116341,1,0,2,9
60118031,2,2,4,8
60118041,1,0,3,8
60118091,2,0,2,8
60118151,3,0,1,7
60118241,3,0,2,10
60118401,3,0,1,10
60118491,1,0,1,10
60118631,1,0,3,8
60118661,1,2,2,10
60118681,3,0,1,10
60118741,1,0,2,8
60118801,1,0,2,8
60118851,1,0,1,10
60118861,1,0,1,10
60118951,3,0,4,9
60119081,1,0,2,8
60119111,1,0,2,8
60119201,1,0,4,10
60119241,1,0,2,10
60119261,1,2,3,10
60119261,5,0,3,10
60119351,1,0,6,9
60119391,1,0,2,9
60119411,1,0,2,8
60119471,1,0,2,10
60119491,1,1,2,6
60119641,1,0,2,10
60119801,1,1,3,10
60119981,1,0,3,6
60120051,1,2,2,8
60120191,1,2,2,8
60120191,2,0,2,8
60120241,1,2,2,9
60120251,4,0,3,10
60120411,1,2,2,8
60120421,1,1,2,10
60120421,3,0,2,10
60120431,1,2,2,7
60120451,2,0,2,7
60120531,3,0,2,8
60120591,1,0,3,8
60120791,1,0,3,5
60120951,1,1,3,5
60121001,1,0,3,7
60121171,2,1,2,10
60121251,1,0,3,9
60121301,1,0,3,10
60121541,1,0,2,7
60121601,5,0,3,10
60121621,1,2,3,10
60121781,1,0,1,9
60121881,2,0,2,8
60122051,3,0,2,8
60122091,1,0,1,5
60122121,1,2,3,8
60122231,2,2,3,10
60122301,1,0,6,10
60122331,2,0,2,9
60122341,2,0,3,9
60122431,4,0,2,9
60122481,1,2,2,9
60122511,3,0,4,9
60122531,1,0,2,8
60122731,1,0,1,8
60122801,1,2,6,10
60122951,1,2,4,8
60123001,4,0,3,8
60123021,1,2,1,10
60123151,1,0,3,8
60123231,1,0,1,10
60123311,1,2,1,10
60123321,1,2,1,10
60123331,3,0,2,10
60123331,5,0,2,10
60123361,1,2,2,10
60123381,1,0,2,7
60123391,1,0,2,10
60123521,3,0,1,10
60123571,1,0,2,10
60123701,3,0,1,10
60123831,1,0,1,9
60123971,4,0,4,10
60124461,1,0,2,3
60124461,3,0,2,2
60124471,1,0,2,7
60124481,1,0,2,8
60124561,1,2,2,10
60124561,4,0,2,10
60124591,1,0,2,9
60124601,1,0,2,8
60124621,1,0,3,10
60124661,1,0,3,6
60124711,2,0,2,5
60124781,3,0,2,7
60124801,1,0,2,8
60124831,1,0,1,5
60124832,1,0,1,10
60124832,4,0,1,10
60124871,3,0,1,10
60124911,4,0,3,8
60124941,1,0,3,5
60125021,1,0,3,8
60125081,2,0,1,9
60125101,1,0,3,8
60125121,1,0,3,3
60125221,2,0,2,8
60125241,2,0,2,9
60125331,1,2,2,5
60125491,1,0,1,7
60125581,1,0,3,10
60125611,1,0,3,7
60125721,1,0,1,8
60125821,5,0,1,7
60125971,2,0,2,8
60126081,3,0,1,8
60126221,1,0,2,9
60126251,1,0,2,9
60126361,2,2,2,10
60126481,1,2,2,10
60126711,1,0,2,8
60126801,1,1,2,10
60126831,1,2,1,5
60126831,4,0,1,8
60126941,4,0,5,7
60126981,1,0,2,8
60127001,1,2,1,9
60127021,1,0,2,8
60127081,2,0,2,8
60127181,1,0,2,10
60127221,1,0,2,10
60127241,1,0,2,1
60127491,3,0,2,8
60127661,1,0,2,10
60127691,1,2,2,8
60127731,3,0,2,7
60127921,1,0,3,10
60127941,1,0,3,7
60128021,1,0,2,6
60128021,3,0,2,5
60128081,2,0,5,10
60128151,1,0,1,9
60128161,1,0,1,8
60128291,4,0,5,10
60128331,1,2,1,8
60128351,1,2,1,10
60128391,1,2,1,8
60128391,4,0,1,8
60128391,6,0,1,8
60128401,1,2,1,10
60128451,1,2,0,8
60128481,1,2,1,6
60128521,1,2,1,6
60128611,3,0,1,8
60128661,3,0,1,8
60128671,5,2,2,8
60128751,2,0,1,8
60128781,1,2,1,8
60128791,1,0,2,6
60129051,1,2,1,7
60129081,1,0,1,9
60129091,1,0,1,5
60129111,1,0,1,8
60129171,4,0,1,8
60129211,1,2,1,6
60129231,1,2,1,7
60129251,1,0,0,8
60129261,1,0,0,6
60129321,1,0,0,9
60129351,4,0,1,9
60129351,6,0,1,8
60129351,9,1,1,9
60129361,4,0,1,8
60129371,1,2,1,8
60129411,3,2,1,10
60129501,1,0,1,9
60129511,2,0,1,6
60129541,1,2,1,7
60129601,1,0,2,10
60129671,1,2,1,8
60129701,1,2,1,8
60129701,2,2,1,9
60129721,1,0,1,8
60129741,2,0,2,9
60129781,2,0,1,9
60129821,1,2,1,9
60129891,1,2,1,7
60129931,1,0,1,5
60129971,1,2,1,5
60130121,1,2,1,8
60130191,1,2,1,10
60130271,1,0,1,10
60130291,5,0,1,10
60130321,1,0,1,0
60130391,1,2,3,8
60130421,1,0,1,5
60130451,1,2,1,7
60130561,1,0,1,6
60130561,3,0,1,9
60130611,1,0,1,8
60130641,3,2,1,7
60130661,1,0,1,9
60130782,1,0,2,8
60130791,1,0,1,8
60130801,1,0,1,7
60130831,4,0,1,10
60130931,4,2,2,5
60130991,1,0,1,7
60131021,5,2,1,5
60131041,1,0,1,8
60131041,4,0,1,7
60131101,1,0,1,5
60131191,1,1,1,8
60131311,3,0,2,9
60131321,3,0,6,10
60131421,1,0,2,7
60131621,11,0,1,4
60131661,1,2,1,9
60131691,1,1,2,10
60132161,1,0,1,10
60132191,1,0,1,8
60132191,3,0,1,10
60132301,2,1,2,10
60132331,1,0,1,10
60132381,1,2,1,10
60132421,1,0,2,8
60132421,5,0,2,10
60132441,2,0,2,9
60132471,1,2,1,7
60132571,1,0,2,10
60132691,1,0,1,9
60132692,1,0,1,10
60132692,4,0,1,10
60132781,4,0,1,8
60132791,3,0,1,9
60132861,3,0,3,10
60132871,1,2,1,5
60132911,1,0,3,10
60132931,1,1,1,9
60132961,1,0,1,10
60132961,2,0,1,7
60132971,1,0,1,5
60133101,2,0,3,9
60133151,5,0,1,8
60133211,1,2,3,10
60133221,1,0,3,9
60133231,1,0,3,8
60133271,1,2,1,8
60133291,1,2,1,5
60133351,1,0,1,10
60133431,1,0,1,6
60133461,1,0,1,7
60133461,2,0,1,10
60133471,3,0,1,9
60133481,4,0,1,6
60133531,1,0,2,8
60133571,2,2,1,10
60133731,1,0,1,8
60133781,4,0,3,8
60133911,1,0,3,10
60133961,1,2,1,9
60134041,1,2,3,8
60134041,3,0,3,9
60134071,6,0,2,9
60134071,8,0,2,9
60134111,1,0,2,10
60134111,2,0,2,10
60134181,1,0,4,9
60134241,1,0,2,7
60134241,2,0,2,8
60134301,2,2,2,9
60134321,1,2,2,9
60134331,1,0,2,9
60134361,4,0,2,9
60134381,1,0,2,7
60134401,1,1,2,8
60134451,1,2,3,9
60134471,1,1,1,7
60134491,1,2,1,6
60134511,1,0,1,4
60134521,1,0,1,7
60134521,3,0,1,4
60134531,1,2,3,9
60134531,3,0,3,8
60134741,1,0,2,9
60134841,1,0,3,10
60134851,4,0,2,8
60134911,1,0,2,8
60134941,3,0,1,7
60134951,3,0,2,8
60134971,1,0,2,10
60135001,1,0,2,5
60135011,1,2,2,7
60135051,2,0,2,8
60135111,2,0,2,8
60135191,1,2,2,7
60135261,1,0,2,10
60135371,1,2,2,7
60135381,1,2,2,8
60135661,1,0,1,8
60135751,1,0,1,10
60135761,5,0,1,8
60135771,1,2,1,5
60135781,3,0,1,10
60135821,1,2,1,10
60135971,1,0,1,5
60135991,1,2,1,10
60136061,1,0,1,10
60136071,3,0,1,8
60136131,1,0,1,7
60136131,4,0,1,8
60136131,6,0,1,10
60136151,1,0,1,9
60136171,1,1,1,9
60136221,1,0,1,5
60136261,1,0,1,9
60136301,6,0,1,8
60136331,1,0,1,10
60136331,2,0,1,10
60136351,4,0,1,9
60136351,6,0,1,8
60136451,1,2,1,8
60136471,1,0,1,9
60136491,1,2,1,9
60136511,3,0,1,8
60136601,7,0,1,9
60136651,3,0,1,9
60136651,5,0,1,9
60136651,7,0,1,9
60136811,3,0,1,7
60136821,1,2,1,10
60136991,1,0,1,8
60137001,3,0,1,9
60137171,5,0,1,10
60137171,7,0,1,10
60137181,1,2,1,10
60137471,1,0,1,10
60137551,5,0,1,8
60137571,4,0,1,10
60137661,1,0,2,10
60137761,1,0,1,8
60137811,1,0,2,10
60137911,3,0,2,8
60137931,4,0,3,8
60138131,1,0,2,5
60138491,4,0,1,8
60138601,2,0,1,10
60138661,2,0,2,8
60138671,1,0,1,10
60138701,1,2,1,8
60138721,1,0,4,10
60138731,1,2,1,10
60138761,1,2,0,9
60138881,7,0,2,10
60138891,1,2,2,6
60139331,2,2,5,10
60139501,1,0,2,10
60139521,1,2,1,7
60139551,1,0,2,8
60139551,6,0,2,8
60139601,11,0,1,0
60139621,6,0,3,10
60139631,1,2,1,10
60139701,1,0,1,9
60139751,3,2,1,9
60139781,1,2,1,7
60139831,2,2,1,10
60139931,1,2,1,8
60139941,1,0,1,10
60140011,1,2,2,5
60140011,5,0,2,10
60140031,1,0,2,8
60140041,1,0,2,9
60140151,1,0,1,6
60140171,5,0,1,8
60140231,4,0,2,8
60140251,2,0,3,9
60140251,3,0,3,10
60140281,1,0,2,10
60140471,2,2,6,10
60140921,4,1,5,10
60140951,3,0,3,9
60140971,1,2,3,8
60141001,1,0,3,8
60141211,4,0,3,9
60141231,2,0,2,9
60141241,1,2,2,10
60141401,1,0,2,9
60141401,2,0,2,10
60141431,1,0,1,7
60141441,1,0,1,9
60141481,3,2,1,7
60141551,1,2,1,0
60141651,2,0,2,6
60141711,1,0,2,10
60141731,3,2,2,8
60141791,1,1,2,8
60141861,1,1,2,10
60141961,1,0,0,10
60141971,1,0,1,10
60142091,4,0,1,9
60142261,4,0,1,9
60142291,1,0,1,9
60142511,1,0,1,6
60142531,1,0,1,7
60142551,1,0,1,10
60142571,1,0,1,6
60142581,1,0,1,9
60142671,1,0,1,7
60142671,2,0,1,6
60142691,1,2,1,10
60143011,1,2,1,8
60143032,1,0,2,10
60143051,1,0,1,5
60143211,1,0,1,10
60143231,5,0,1,7
60143291,1,0,3,10
60143391,1,2,2,10
60143591,3,0,2,10
60143671,1,2,2,5
60143911,3,2,1,8
60144081,1,0,1,5
60144081,3,0,1,10
60144091,1,0,1,10
60144091,4,0,1,10
60144241,1,0,3,7
60144261,1,0,1,5
60144351,1,0,3,6
60144351,3,0,3,5
60144581,2,2,1,10
60144631,3,0,1,8
60144662,1,2,1,10
60144663,1,0,1,9
60144681,1,2,2,5
60144731,1,0,1,10
60144731,3,0,1,10
60144781,1,0,3,8
60144851,1,2,2,10
60144881,1,0,1,9
60144881,3,2,1,8
60144931,3,0,1,8
60145181,1,0,1,10
60145211,1,2,2,7
60145211,3,0,2,10
60145221,4,0,3,6
60145221,5,2,3,10
60145221,7,0,3,7
60145231,3,0,2,10
60145251,1,2,1,10
60145251,2,2,1,8
60145251,5,0,1,7
60145281,3,0,1,6
60145291,1,2,1,7
60145301,4,0,1,8
60145301,6,0,1,6
60145331,2,0,1,5
60145431,1,0,2,0
60145431,4,0,2,8
60145471,1,0,1,10
60145521,1,0,1,8
60145561,3,0,1,8
60145581,1,0,1,8
60145591,1,0,1,7
60145591,2,0,1,9
60145661,1,2,1,6
60145691,1,2,1,7
60145701,1,0,1,1
60145751,1,0,1,0
60145751,3,0,1,5
60145751,7,0,1,8
60145761,1,0,1,9
60145821,2,0,1,8
60145841,3,0,1,0
60145871,2,0,1,8
60145871,4,0,1,10
60145901,1,2,1,6
60145991,1,0,1,5
60146001,1,0,1,7
60146041,7,0,1,7
60146061,1,0,1,10
60146061,2,0,1,8
60146071,1,0,1,9
60146081,1,2,1,9
60146151,3,0,1,10
60146221,3,0,1,5
60146231,1,0,1,6
60146251,1,2,1,6
60146321,1,0,1,10
60146341,2,2,1,6
60146431,1,2,1,6
60146451,1,2,1,7
60146461,2,0,1,8
60146481,4,0,1,7
60146551,1,0,1,7
60146591,3,0,1,8
60146631,1,0,1,10
60146661,1,0,2,9
60146681,1,2,1,8
60146721,1,2,1,3
60146821,1,0,1,6
60146851,1,0,1,10
60146851,2,0,1,10
60146881,1,1,2,8
60146901,1,0,1,5
60146901,2,0,1,6
60146941,3,0,1,7
60146951,1,0,1,5
60146991,1,0,1,10
60147021,1,1,1,8
60147261,1,0,1,10
60147261,6,0,1,7
60147291,2,0,1,8
60147291,6,0,1,6
60147301,2,0,1,9
60147311,6,0,1,4
60147321,1,0,1,6
60147391,2,0,1,9
60147481,1,1,1,8
60147511,1,2,1,4
60147561,1,2,1,8
60147561,6,0,1,7
60147571,1,2,1,10
60147611,1,2,1,9
60149531,1,0,2,10
60149571,5,0,3,8
60149581,1,0,3,10
60149621,1,1,3,10
60149631,1,2,2,7
60149681,1,0,2,8
60149781,1,2,2,10
60149791,3,0,1,9
60149891,1,2,5,10
60149931,3,0,5,10
60149941,1,2,3,9
60149961,3,0,2,9
60149971,1,2,2,10
60149971,4,0,2,10
60150011,1,0,6,9
60150121,1,0,6,7
60150191,1,2,2,10
60150271,1,0,1,8
60150271,3,0,1,3
60151031,1,0,1,7
60151081,1,0,2,10
60151081,3,0,2,9
60151251,3,0,3,8
60151261,2,0,3,5
60151351,1,2,2,8
60151661,1,0,2,7
60151711,1,0,3,10
60151801,3,0,3,7
60151931,1,0,3,9
60151981,2,2,4,9
60152111,1,2,3,7
60152121,3,0,1,8
60152131,1,0,2,8
60152141,1,0,6,5
60152171,1,0,1,7
60152171,3,0,1,9
60152211,1,0,2,8
60152271,1,0,3,4
60152411,5,0,3,10
60152521,1,0,1,8
60152541,1,2,1,8
60152591,3,0,3,8
60152651,1,0,2,9
60152751,2,2,2,8
60152761,1,1,2,9
60152841,1,2,3,5
60152931,1,0,3,8
60152951,3,0,2,8
60153121,1,0,2,9
60153581,1,2,2,9
60153581,2,0,2,10
60153831,1,0,2,6
60153931,1,2,3,2
60154021,2,0,3,10
60154071,1,0,3,10
60154181,2,2,3,10
60154211,3,0,3,8
60154281,1,1,3,10
60154291,3,2,3,9
60154351,1,0,2,8
60154421,4,0,2,7
60154421,6,0,2,8
60154441,1,0,2,7
60154611,1,0,5,10
60154621,3,0,2,7
60154731,2,2,2,10
60154731,4,2,2,10
60154751,1,2,2,5
60154791,3,0,3,8
60154811,3,0,1,10
60154871,1,0,1,8
60154951,3,2,1,8
60154981,3,0,3,10
60155121,1,2,1,10
60155161,5,0,1,9
60155471,1,2,1,8
60155711,3,0,1,9
60155751,4,2,1,7
60155781,3,2,1,9
60155911,4,2,1,8
60156001,1,0,1,5
60156141,1,2,1,10
60156181,1,2,1,10
60156311,3,0,1,8
60156761,1,2,1,9
60156811,1,2,1,7
60156841,1,2,1,9
60156911,2,0,1,8
60156941,1,2,2,9
60157061,4,0,1,10
60157141,3,0,1,10
60157171,5,0,1,8
60157221,5,0,3,10
60157281,1,0,1,10
60157311,1,2,1,8
60157351,1,0,1,7
60157421,3,0,3,8
60157591,1,0,1,7
60157591,5,0,1,9
60157661,1,0,2,6
60157671,1,0,4,8
60157741,1,0,2,10
60157751,1,0,2,7
60157783,3,0,1,8
60157821,1,0,1,9
60157821,2,0,1,9
60157831,3,0,3,7
60157861,3,0,1,9
60157891,1,0,5,4
60157971,1,0,2,10
60158021,1,0,3,8
60158833,1,2,1,7
60158861,2,2,1,8
60158991,1,2,1,9
60159191,1,0,1,8
60159241,6,0,1,9
60159291,2,0,3,10
60159331,1,1,3,8
60159341,1,0,3,10
60159491,1,2,4,8
60159571,1,0,3,7
60159601,1,0,2,8
60159611,1,0,1,10
60159621,1,0,1,6
60159681,4,0,2,9
60159801,1,0,1,9
60159901,1,0,1,10